player_stats_id,player_id,season_id,player_stats_age,player_stats_timeOnIce,player_stats_assists,player_stats_goals,player_stats_pim,player_stats_shots,player_stats_games,player_stats_hits,player_stats_powerPlayGoals,player_stats_powerPlayPoints,player_stats_powerPlayTimeOnIce,player_stats_evenTimeOnIce,player_stats_penaltyMinutes,player_stats_shotPct,player_stats_gameWinningGoals,player_stats_overTimeGoals,player_stats_shortHandedGoals,player_stats_shortHandedPoints,player_stats_blocked,player_stats_plusMinus,player_stats_points,player_stats_shifts,player_stats_timeOnIcePerGame,player_stats_evenTimeOnIcePerGame,player_stats_shortHandedTimeOnIcePerGame,player_stats_powerPlayTimeOnIcePerGame
,8445629,19911992,30,0,16,10,58,51,58,0,0,0,0,0,58,19.61,3,1,1,3,0,-6,26,0,0,0,0,0
,8446013,19911992,32,0,0,0,175,16,50,0,0,0,0,0,175,0.0,0,0,0,0,0,-6,0,0,0,0,0,0
,8446050,19911992,26,0,4,0,111,26,43,0,0,0,0,0,111,0.0,0,0,0,0,0,-12,4,0,0,0,0,0
,8446117,19911992,31,0,58,11,87,232,64,0,5,31,0,0,87,4.74,1,0,0,2,0,1,69,0,0,0,0,0
,8446305,19911992,24,0,0,0,0,0,2,0,0,0,0,0,0,0.0,0,0,0,0,0,0,0,0,0,0,0,0
,8446424,19911992,30,0,0,0,0,0,1,0,0,0,0,0,0,0.0,0,0,0,0,0,-2,0,0,0,0,0,0
,8446715,19911992,28,0,16,19,119,122,78,0,0,0,0,0,119,15.57,1,0,3,5,0,1,35,0,0,0,0,0
,8446951,19911992,29,0,33,21,30,121,70,0,5,14,0,0,30,17.36,2,0,1,4,0,-7,54,0,0,0,0,0
,8448029,19911992,34,0,13,3,16,51,56,0,0,0,0,0,16,5.88,1,0,0,0,0,4,16,0,0,0,0,0
,8448208,19911992,20,0,37,32,34,194,70,0,4,9,0,0,34,16.49,4,0,0,0,0,12,69,0,0,0,0,0
,8448271,19911992,27,0,5,4,104,35,53,0,0,0,0,0,104,11.43,2,0,2,2,0,-1,9,0,0,0,0,0
,8448771,19911992,23,0,4,5,8,32,38,0,1,1,0,0,8,15.63,0,0,0,0,0,-2,9,0,0,0,0,0
,8448782,19911992,27,0,87,44,94,249,64,0,12,47,0,0,94,17.67,5,0,4,10,0,27,131,0,0,0,0,0
,8448841,19911992,29,0,16,10,127,94,76,0,0,0,0,0,127,10.64,1,0,0,0,0,-5,26,0,0,0,0,0
,8449743,19911992,35,0,45,42,30,226,77,0,14,26,0,0,30,18.58,4,0,0,0,0,12,87,0,0,0,0,0
,8449745,19911992,31,0,56,21,48,206,77,0,7,32,0,0,48,10.19,3,0,2,2,0,33,77,0,0,0,0,0
,8450089,19911992,25,0,7,1,36,33,49,0,0,0,0,0,36,3.03,0,0,0,0,0,0,8,0,0,0,0,0
,8450560,19911992,25,0,8,2,4,20,49,0,0,2,0,0,4,10.0,0,0,0,0,0,5,10,0,0,0,0,0
,8450725,19911992,24,0,54,43,96,210,80,0,20,48,0,0,96,20.48,5,0,1,1,0,-21,97,0,0,0,0,0
,8450905,19911992,35,0,22,2,87,29,73,0,1,1,0,0,87,6.9,1,0,0,2,0,19,24,0,0,0,0,0
,8451105,19911992,34,0,11,5,110,91,74,0,0,1,0,0,110,5.49,1,0,0,0,0,1,16,0,0,0,0,0
,8451107,19911992,28,0,14,1,206,75,62,0,1,5,0,0,206,1.33,1,0,0,1,0,2,15,0,0,0,0,0
,8451657,19911992,25,0,8,2,62,70,54,0,0,2,0,0,62,2.86,0,0,0,0,0,-8,10,0,0,0,0,0
,8451711,19911992,27,0,69,54,254,325,80,0,19,42,0,0,254,16.62,4,1,0,0,0,8,123,0,0,0,0,0
,8451836,19911992,29,0,3,1,57,23,44,0,0,0,0,0,57,4.35,0,0,0,0,0,7,4,0,0,0,0,0
,8451925,19911992,28,0,32,27,151,166,61,0,8,16,0,0,151,16.27,2,0,1,1,0,15,59,0,0,0,0,0
,8451965,19911992,36,0,18,11,54,102,63,0,3,7,0,0,54,10.78,0,0,1,1,0,-11,29,0,0,0,0,0
,8457297,19911992,23,0,4,0,0,14,15,0,0,1,0,0,0,0.0,0,0,0,0,0,1,4,0,0,0,0,0
,8457451,19911992,25,0,0,0,2,0,1,0,0,0,0,0,2,0.0,0,0,0,0,0,-1,0,0,0,0,0,0
,8457490,19911992,23,0,0,0,0,0,1,0,0,0,0,0,0,0.0,0,0,0,0,0,0,0,0,0,0,0,0
,8445417,19921993,29,0,48,40,44,260,82,0,16,35,0,0,44,15.38,5,1,0,0,0,4,88,0,0,0,0,0
,8445734,19921993,25,0,15,10,19,71,47,0,0,1,0,0,19,14.08,1,0,0,0,0,13,25,0,0,0,0,0
,8445739,19921993,22,0,21,10,79,123,70,0,4,12,0,0,79,8.13,2,0,0,0,0,6,31,0,0,0,0,0
,8446036,19921993,33,0,13,4,20,73,61,0,0,0,0,0,20,5.48,0,0,1,3,0,-9,17,0,0,0,0,0
,8446286,19921993,28,0,10,8,57,68,66,0,0,3,0,0,57,11.76,1,0,0,0,0,25,18,0,0,0,0,0
,8446303,19921993,26,0,58,39,98,287,84,0,9,33,0,0,98,13.59,8,2,3,3,0,5,97,0,0,0,0,0
,8446407,19921993,24,0,32,13,98,163,82,0,7,20,0,0,98,7.98,1,0,0,2,0,20,45,0,0,0,0,0
,8446415,19921993,23,0,28,20,63,145,75,0,6,16,0,0,63,13.79,2,0,1,1,0,5,48,0,0,0,0,0
,8446501,19921993,26,0,2,1,32,13,32,0,0,0,0,0,32,7.69,0,0,0,0,0,0,3,0,0,0,0,0
,8446733,19921993,27,0,9,5,193,59,75,0,0,0,0,0,193,8.47,1,0,0,0,0,6,14,0,0,0,0,0
,8447477,19921993,23,0,14,11,117,126,73,0,6,14,0,0,117,8.73,1,0,0,0,0,7,25,0,0,0,0,0
,8448415,19921993,26,0,45,15,95,120,77,0,0,2,0,0,95,12.5,1,0,0,1,0,29,60,0,0,0,0,0
,8448622,19921993,24,0,25,19,33,139,72,0,2,3,0,0,33,13.67,2,0,0,0,0,11,44,0,0,0,0,0
,8448719,19921993,25,0,49,31,20,150,71,0,8,19,0,0,20,20.67,7,0,0,0,0,23,80,0,0,0,0,0
,8448754,19921993,29,0,17,15,24,85,50,0,1,5,0,0,24,17.65,3,0,0,0,0,14,32,0,0,0,0,0
,8449740,19921993,27,0,57,37,77,231,80,0,12,33,0,0,77,16.02,4,0,0,1,0,8,94,0,0,0,0,0
,8449957,19921993,25,0,14,2,205,79,83,0,0,0,0,0,205,2.53,0,0,0,0,0,35,16,0,0,0,0,0
,8450642,19921993,34,0,13,5,146,131,74,0,5,13,0,0,146,3.82,0,0,0,0,0,-24,18,0,0,0,0,0
,8450890,19921993,29,0,4,4,142,23,50,0,0,0,0,0,142,17.39,3,0,0,0,0,2,8,0,0,0,0,0
,8451146,19921993,32,0,34,16,90,99,63,0,4,15,0,0,90,16.16,2,0,1,4,0,1,50,0,0,0,0,0
,8451224,19921993,24,0,31,13,91,169,60,0,3,16,0,0,91,7.69,2,0,0,0,0,8,44,0,0,0,0,0
,8451427,19921993,30,0,7,7,65,51,39,0,0,0,0,0,65,13.73,1,0,2,3,0,4,14,0,0,0,0,0
,8455564,19921993,24,0,2,4,4,24,19,0,0,0,0,0,4,16.67,0,0,0,0,0,1,6,0,0,0,0,0
,8455801,19921993,25,0,0,0,2,4,6,0,0,0,0,0,2,0.0,0,0,0,0,0,-4,0,0,0,0,0,0
,8455843,19921993,23,0,0,0,2,0,3,0,0,0,0,0,2,0.0,0,0,0,0,0,0,0,0,0,0,0,0
,8456080,19921993,23,0,13,4,14,43,29,0,0,3,0,0,14,9.3,0,0,0,0,0,11,17,0,0,0,0,0
,8456595,19921993,23,0,6,2,54,37,31,0,1,3,0,0,54,5.41,1,0,0,0,0,-5,8,0,0,0,0,0
,8456848,19921993,24,0,0,0,2,7,7,0,0,0,0,0,2,0.0,0,0,0,0,0,-3,0,0,0,0,0,0
,8457849,19921993,25,0,7,5,20,54,53,0,0,0,0,0,20,9.26,1,1,0,0,0,6,12,0,0,0,0,0
,8458125,19921993,21,0,0,0,0,1,1,0,0,0,0,0,0,0.0,0,0,0,0,0,-1,0,0,0,0,0,0
,8458641,19921993,22,0,1,2,10,20,9,0,0,0,0,0,10,10.0,1,1,0,0,0,2,3,0,0,0,0,0
,8444945,19931994,34,0,20,21,62,149,85,0,7,14,0,0,62,14.09,3,1,0,0,0,-5,41,0,0,0,0,0
,8445461,19931994,29,0,8,8,170,58,68,0,1,1,0,0,170,13.79,0,0,0,0,0,18,16,0,0,0,0,0
,8447067,19931994,35,0,30,34,62,275,81,0,11,20,0,0,62,12.36,4,1,5,6,0,20,64,0,0,0,0,0
,8447169,19931994,32,0,11,4,29,64,76,0,1,1,0,0,29,6.25,0,0,0,0,0,-3,15,0,0,0,0,0
,8447364,19931994,26,0,27,52,127,291,84,0,20,28,0,0,127,17.87,4,0,4,5,0,27,79,0,0,0,0,0
,8447673,19931994,27,0,1,1,70,19,35,0,0,0,0,0,70,5.26,0,0,0,0,0,-5,2,0,0,0,0,0
,8448046,19931994,27,0,7,4,47,48,48,0,0,0,0,0,47,8.33,1,0,0,0,0,-5,11,0,0,0,0,0
,8448519,19931994,30,0,1,2,129,43,71,0,0,0,0,0,129,4.65,0,0,0,0,0,-9,3,0,0,0,0,0
,8448539,19931994,28,0,5,3,139,34,56,0,0,0,0,0,139,8.82,1,0,0,0,0,-16,8,0,0,0,0,0
,8448703,19931994,33,0,39,21,41,146,68,0,6,21,0,0,41,14.38,7,0,4,6,0,14,60,0,0,0,0,0
,8448769,19931994,26,0,56,23,67,328,84,0,17,53,0,0,67,7.01,4,0,1,3,0,28,79,0,0,0,0,0
,8448839,19931994,34,0,2,0,33,25,34,0,0,0,0,0,33,0.0,0,0,0,0,0,-12,2,0,0,0,0,0
,8448884,19931994,35,0,14,5,70,50,71,0,0,2,0,0,70,10.0,1,0,0,3,0,4,19,0,0,0,0,0
,8449020,19931994,36,0,12,20,91,122,78,0,1,3,0,0,91,16.39,2,0,0,0,0,-14,32,0,0,0,0,0
,8449295,19931994,25,0,19,19,57,135,77,0,3,4,0,0,57,14.07,2,0,0,3,0,15,38,0,0,0,0,0
,8449573,19931994,33,0,58,26,76,216,76,0,6,36,0,0,76,12.04,5,1,2,9,0,25,84,0,0,0,0,0
,8449894,19931994,29,0,23,18,69,160,76,0,10,19,0,0,69,11.25,6,0,0,0,0,7,41,0,0,0,0,0
,8449973,19931994,28,0,5,3,28,40,37,0,0,0,0,0,28,7.5,1,0,0,0,0,-1,8,0,0,0,0,0
,8450223,19931994,31,0,25,10,40,91,68,0,5,18,0,0,40,10.99,2,0,1,1,0,-5,35,0,0,0,0,0
,8451905,19931994,29,0,32,22,114,257,83,0,5,21,0,0,114,8.56,4,0,3,4,0,5,54,0,0,0,0,0
,8451994,19931994,26,0,15,4,17,60,32,0,0,5,0,0,17,6.67,0,0,0,0,0,-13,19,0,0,0,0,0
,8452366,19931994,35,0,7,2,110,64,79,0,0,0,0,0,110,3.13,0,0,0,0,0,4,9,0,0,0,0,0
,8455429,19931994,24,0,25,17,37,195,79,0,4,13,0,0,37,8.72,4,1,0,0,0,0,42,0,0,0,0,0
,8455441,19931994,29,0,2,2,2,21,16,0,0,1,0,0,2,9.52,1,0,1,1,0,-8,4,0,0,0,0,0
,8456597,19931994,25,0,0,0,7,0,2,0,0,0,0,0,7,0.0,0,0,0,0,0,1,0,0,0,0,0,0
,8456793,19931994,24,0,15,3,58,78,67,0,1,5,0,0,58,3.85,1,0,0,1,0,12,18,0,0,0,0,0
,8456932,19931994,25,0,0,0,0,0,4,0,0,0,0,0,0,0.0,0,0,0,0,0,0,0,0,0,0,0,0
,8457372,19931994,24,0,2,0,0,7,4,0,0,0,0,0,0,0.0,0,0,0,0,0,-1,2,0,0,0,0,0
,8457491,19931994,30,0,27,22,36,144,76,0,4,7,0,0,36,15.28,6,0,0,3,0,13,49,0,0,0,0,0
,8458494,19931994,24,0,77,12,39,222,78,0,9,49,0,0,39,5.41,1,0,0,1,0,20,89,0,0,0,0,0
,8458529,19931994,21,0,33,23,154,184,76,0,7,13,0,0,154,12.5,3,0,0,0,0,18,56,0,0,0,0,0
,8458984,19931994,22,0,2,0,6,3,9,0,0,0,0,0,6,0.0,0,0,0,0,0,0,2,0,0,0,0,0
,8459587,19931994,21,0,1,0,2,6,4,0,0,0,0,0,2,0.0,0,0,0,0,0,-2,1,0,0,0,0,0
,8444919,19941995,31,0,10,5,20,60,48,0,2,2,0,0,20,8.33,0,0,0,0,0,9,15,0,0,0,0,0
,8445724,19941995,36,0,24,8,24,72,47,0,2,7,0,0,24,11.11,3,0,0,1,0,1,32,0,0,0,0,0
,8445977,19941995,32,0,11,5,19,69,41,0,0,0,0,0,19,7.25,0,0,0,0,0,-1,16,0,0,0,0,0
,8446026,19941995,29,0,8,10,16,59,42,0,0,0,0,0,16,16.95,2,0,0,1,0,-4,18,0,0,0,0,0
,8446042,19941995,29,0,17,4,12,67,45,0,2,7,0,0,12,5.97,0,0,0,0,0,2,21,0,0,0,0,0
,8446127,19941995,28,0,5,4,14,76,38,0,1,1,0,0,14,5.26,0,0,0,0,0,-1,9,0,0,0,0,0
,8446309,19941995,31,0,2,1,54,27,25,0,0,0,0,0,54,3.7,0,0,0,0,0,4,3,0,0,0,0,0
,8446484,19941995,33,0,12,4,18,62,41,0,1,9,0,0,18,6.45,1,0,0,0,0,-1,16,0,0,0,0,0
,8446789,19941995,37,0,12,3,2,37,18,0,3,5,0,0,2,8.11,0,0,0,0,0,1,15,0,0,0,0,0
,8447958,19941995,24,0,10,10,18,84,48,0,0,1,0,0,18,11.9,2,0,0,0,0,9,20,0,0,0,0,0
,8448772,19941995,30,0,13,6,86,117,45,0,1,1,0,0,86,5.13,1,0,0,1,0,2,19,0,0,0,0,0
,8449450,19941995,28,0,7,5,44,44,33,0,0,1,0,0,44,11.36,0,0,0,0,0,10,12,0,0,0,0,0
,8449499,19941995,31,0,12,17,32,139,46,0,2,8,0,0,32,12.23,0,0,1,1,0,13,29,0,0,0,0,0
,8449606,19941995,31,0,18,5,36,74,45,0,1,4,0,0,36,6.76,0,0,0,0,0,6,23,0,0,0,0,0
,8450293,19941995,30,0,9,2,167,27,46,0,0,0,0,0,167,7.41,1,0,0,0,0,5,11,0,0,0,0,0
,8450825,19941995,29,0,16,23,10,133,45,0,1,3,0,0,10,17.29,5,1,2,2,0,8,39,0,0,0,0,0
,8451715,19941995,31,0,20,2,56,111,48,0,1,6,0,0,56,1.8,1,0,0,0,0,4,22,0,0,0,0,0
,8456024,19941995,26,0,1,0,4,11,17,0,0,0,0,0,4,0.0,0,0,0,0,0,6,1,0,0,0,0,0
,8456100,19941995,27,0,4,1,0,14,10,0,1,3,0,0,0,7.14,0,0,0,0,0,-5,5,0,0,0,0,0
,8456182,19941995,26,0,1,0,0,4,6,0,0,0,0,0,0,0.0,0,0,0,0,0,-2,1,0,0,0,0,0
,8456464,19941995,25,0,13,12,72,96,48,0,4,6,0,0,72,12.5,3,0,0,0,0,6,25,0,0,0,0,0
,8456496,19941995,26,0,2,0,13,26,26,0,0,0,0,0,13,0.0,0,0,0,0,0,-5,2,0,0,0,0,0
,8457264,19941995,24,0,3,0,17,19,24,0,0,0,0,0,17,0.0,0,0,0,0,0,4,3,0,0,0,0,0
,8457403,19941995,24,0,0,0,0,10,11,0,0,0,0,0,0,0.0,0,0,0,0,0,-1,0,0,0,0,0,0
,8457983,19941995,29,0,11,7,25,71,41,0,0,2,0,0,25,9.86,1,0,0,0,0,-7,18,0,0,0,0,0
,8458036,19941995,26,0,0,0,27,5,9,0,0,0,0,0,27,0.0,0,0,0,0,0,-1,0,0,0,0,0,0
,8458483,19941995,27,0,2,1,6,6,4,0,0,0,0,0,6,16.67,0,0,0,0,0,3,3,0,0,0,0,0
,8458517,19941995,22,0,15,4,18,52,48,0,4,8,0,0,18,7.69,0,0,0,1,0,19,19,0,0,0,0,0
,8458525,19941995,22,0,11,7,17,92,40,0,2,3,0,0,17,7.61,3,0,0,0,0,5,18,0,0,0,0,0
,8458954,19941995,22,0,0,0,0,5,2,0,0,0,0,0,0,0.0,0,0,0,0,0,-3,0,0,0,0,0,0
,8458978,19941995,21,0,8,6,8,41,26,0,0,4,0,0,8,14.63,0,0,0,0,0,12,14,0,0,0,0,0
,8447363,19951996,32,0,15,5,56,42,65,0,0,4,0,0,56,11.9,0,0,0,0,0,29,20,0,0,0,0,0
,8447515,19951996,35,0,10,7,32,41,61,0,1,1,0,0,32,17.07,2,0,1,3,0,3,17,0,0,0,0,0
,8448554,19951996,31,0,3,0,4,9,6,0,0,2,0,0,4,0.0,0,0,0,0,0,4,3,0,0,0,0,0
,8448674,19951996,28,0,5,4,20,44,35,0,0,0,0,0,20,9.09,1,0,2,2,0,1,9,0,0,0,0,0
,8448770,19951996,29,0,11,5,49,115,75,0,2,4,0,0,49,4.35,0,0,0,2,0,26,16,0,0,0,0,0
,8448797,19951996,27,0,15,4,73,76,77,0,0,2,0,0,73,5.26,1,0,0,2,0,32,19,0,0,0,0,0
,8449773,19951996,34,0,14,7,22,36,63,0,0,0,0,0,22,19.44,1,0,0,2,0,15,21,0,0,0,0,0
,8449895,19951996,24,0,36,33,146,207,81,0,16,29,0,0,146,15.94,2,0,1,3,0,-33,69,0,0,0,0,0
,8450817,19951996,25,0,21,6,52,73,62,0,3,10,0,0,52,8.22,1,0,0,0,0,1,27,0,0,0,0,0
,8451089,19951996,29,0,2,6,147,45,52,0,0,0,0,0,147,13.33,1,0,0,0,0,6,8,0,0,0,0,0
,8451101,19951996,27,0,69,51,44,339,82,0,17,50,0,0,44,15.04,7,0,6,8,0,14,120,0,0,0,0,0
,8452516,19951996,29,0,20,7,50,73,75,0,0,1,0,0,50,9.59,0,0,3,4,0,25,27,0,0,0,0,0
,8452569,19951996,29,0,39,21,50,229,81,0,7,18,0,0,50,9.17,5,0,0,1,0,2,60,0,0,0,0,0
,8456283,19951996,25,0,11,5,88,49,73,0,1,2,0,0,88,10.2,1,0,0,0,0,27,16,0,0,0,0,0
,8456770,19951996,30,0,47,38,85,220,81,0,18,31,0,0,85,17.27,5,1,1,2,0,14,85,0,0,0,0,0
,8456852,19951996,26,0,12,3,20,61,56,0,0,1,0,0,20,4.92,1,0,1,2,0,12,15,0,0,0,0,0
,8456882,19951996,26,0,28,28,49,131,77,0,6,14,0,0,49,21.37,6,0,0,0,0,20,56,0,0,0,0,0
,8457384,19951996,25,0,0,0,0,2,5,0,0,0,0,0,0,0.0,0,0,0,0,0,0,0,0,0,0,0,0
,8458031,19951996,24,0,18,16,250,105,64,0,4,7,0,0,250,15.24,1,0,0,0,0,10,34,0,0,0,0,0
,8458048,19951996,24,0,14,6,14,75,38,0,3,8,0,0,14,8.0,0,0,1,3,0,7,20,0,0,0,0,0
,8458520,19951996,23,0,86,30,47,217,82,0,7,39,0,0,47,13.82,3,0,3,7,0,26,116,0,0,0,0,0
,8458534,19951996,25,0,46,29,68,181,78,0,9,23,0,0,68,16.02,4,0,2,4,0,18,75,0,0,0,0,0
,8458538,19951996,23,0,6,3,33,35,33,0,0,0,0,0,33,8.57,0,0,0,0,0,10,9,0,0,0,0,0
,8458544,19951996,24,0,40,14,54,166,73,0,8,32,0,0,54,8.43,1,0,1,1,0,2,54,0,0,0,0,0
,8458805,19951996,26,0,2,1,14,35,23,0,1,1,0,0,14,2.86,0,0,0,0,0,-1,3,0,0,0,0,0
,8458964,19951996,23,0,1,1,2,10,8,0,0,0,0,0,2,10.0,0,0,0,0,0,1,2,0,0,0,0,0
,8459122,19951996,22,0,14,13,30,93,71,0,0,1,0,0,30,13.98,1,0,2,4,0,15,27,0,0,0,0,0
,8459436,19951996,21,0,27,21,142,151,78,0,3,8,0,0,142,13.91,2,0,0,0,0,20,48,0,0,0,0,0
,8459441,19951996,21,0,0,1,6,6,7,0,0,0,0,0,6,16.67,0,0,0,0,0,3,1,0,0,0,0,0
,8459550,19951996,21,0,1,0,6,4,4,0,0,1,0,0,6,0.0,0,0,0,0,0,-2,1,0,0,0,0,0
,8460526,19951996,20,0,1,0,0,2,2,0,0,0,0,0,0,0.0,0,0,0,0,0,1,1,0,0,0,0,0
,8445730,19961997,33,0,7,6,8,69,49,0,1,2,0,0,8,8.7,0,0,0,1,0,-3,13,0,0,0,0,0
,8446485,19961997,26,0,5,8,73,85,76,0,1,1,0,0,73,9.41,1,0,0,1,0,-11,13,0,0,0,0,0
,8446788,19961997,28,0,33,30,30,273,74,0,9,15,0,0,30,10.99,4,1,2,3,0,29,63,0,0,0,0,0
,8447386,19961997,32,0,2,2,218,17,76,0,0,0,0,0,218,11.76,0,0,0,0,0,-8,4,0,0,0,0,0
,8448669,19961997,37,0,42,12,26,95,64,0,2,17,0,0,26,12.63,4,1,1,2,0,31,54,0,0,0,0,0
,8450645,19961997,37,0,0,0,0,3,2,0,0,0,0,0,0,0.0,0,0,0,0,0,0,0,0,0,0,0,0
,8451022,19961997,33,0,9,4,58,70,70,0,0,0,0,0,58,5.71,0,0,2,3,0,8,13,0,0,0,0,0
,8451122,19961997,33,0,24,18,69,139,74,0,1,8,0,0,69,12.95,2,1,2,2,0,6,42,0,0,0,0,0
,8451302,19961997,28,0,41,47,131,336,81,0,20,35,0,0,131,13.99,7,1,3,5,0,32,88,0,0,0,0,0
,8452578,19961997,32,0,63,22,78,232,81,0,8,26,0,0,78,9.48,3,0,0,2,0,22,85,0,0,0,0,0
,8456734,19961997,26,0,19,13,26,108,75,0,1,5,0,0,26,12.04,0,0,0,2,0,-18,32,0,0,0,0,0
,8456870,19961997,30,0,33,5,151,141,77,0,0,7,0,0,151,3.55,0,0,0,2,0,38,38,0,0,0,0,0
,8456887,19961997,25,0,22,23,46,211,75,0,3,9,0,0,46,10.9,6,1,0,0,0,21,45,0,0,0,0,0
,8457063,19961997,27,0,42,15,30,214,79,0,8,30,0,0,30,7.01,1,0,0,1,0,11,57,0,0,0,0,0
,8457186,19961997,27,0,0,0,5,0,2,0,0,0,0,0,5,0.0,0,0,0,0,0,0,0,0,0,0,0,0
,8458192,19961997,28,0,4,3,52,44,44,0,0,1,0,0,52,6.82,0,0,1,1,0,-6,7,0,0,0,0,0
,8458519,19961997,24,0,5,2,52,40,49,0,0,1,0,0,52,5.0,0,0,0,1,0,-9,7,0,0,0,0,0
,8458524,19961997,24,0,17,16,167,149,78,0,5,10,0,0,167,10.74,1,0,1,1,0,-14,33,0,0,0,0,0
,8458546,19961997,24,0,7,4,129,63,75,0,0,0,0,0,129,6.35,0,0,0,0,0,1,11,0,0,0,0,0
,8458590,19961997,25,0,0,1,0,10,9,0,0,0,0,0,0,10.0,0,0,0,0,0,-1,1,0,0,0,0,0
,8458982,19961997,25,0,30,19,126,171,68,0,5,16,0,0,126,11.11,6,1,0,0,0,14,49,0,0,0,0,0
,8459001,19961997,25,0,5,3,75,62,66,0,0,0,0,0,75,4.84,0,0,0,1,0,3,8,0,0,0,0,0
,8459443,19961997,22,0,6,0,10,27,23,0,0,0,0,0,10,0.0,0,0,0,0,0,5,6,0,0,0,0,0
,8460540,19961997,21,0,9,3,28,81,65,0,0,0,0,0,28,3.7,0,0,0,0,0,-10,12,0,0,0,0,0
,8460743,19961997,24,0,3,6,33,53,47,0,3,5,0,0,33,11.32,0,0,0,0,0,-10,9,0,0,0,0,0
,8447177,19971998,31,977:38,14,13,40,124,61,24,5,6,86:12,755:08,40,10.48,3,0,0,0,0,4,27,1248,16:01,12:22,02:14,01:24
,8449009,19971998,37,1518:07,7,0,65,78,74,61,0,0,21:04,1238:39,65,0.0,0,0,0,0,0,-17,7,1645,20:30,16:44,03:29,00:17
,8458672,19971998,33,1923:06,35,8,119,170,77,83,3,22,339:30,1308:44,119,4.71,1,0,0,1,0,-7,43,2050,24:58,16:59,03:34,04:24
,8460513,19971998,22,129:14,2,0,6,9,12,12,0,0,00:45,128:10,6,0.0,0,0,0,0,0,1,2,176,10:46,10:40,00:01,00:03
,8462087,19971998,21,09:59,0,0,0,2,2,1,0,0,00:00,09:59,0,0.0,0,0,0,0,0,0,0,15,04:59,04:59,00:00,00:00
,8445423,19981999,33,1196:20,17,12,54,121,74,120,2,5,103:32,940:06,54,9.92,3,1,0,3,0,-10,29,1377,16:10,12:42,02:03,01:23
,8448017,19981999,33,830:01,14,13,26,67,69,49,2,6,152:59,671:45,26,19.4,2,0,0,0,0,2,27,1147,12:01,09:44,00:04,02:13
,8448091,19981999,35,1043:42,26,32,30,192,60,9,15,21,249:13,776:51,30,16.67,11,1,0,0,0,19,58,1338,17:23,12:56,00:17,04:09
,8448419,19981999,31,418:23,1,0,34,24,38,49,0,0,04:53,384:43,34,0.0,0,0,0,0,0,-5,1,551,11:00,10:07,00:45,00:07
,8448845,19981999,38,1161:06,6,2,87,39,80,151,0,0,07:40,962:46,87,5.13,0,0,0,2,0,5,8,1662,14:30,12:02,02:23,00:05
,8449645,19981999,29,1604:05,47,34,44,224,77,15,6,27,327:44,1090:37,44,15.18,7,1,4,5,0,29,81,2005,20:49,14:09,02:24,04:15
,8449893,19981999,33,1042:09,27,28,34,157,67,42,8,18,238:02,801:41,34,17.83,8,1,0,0,0,11,55,1402,15:33,11:57,00:02,03:33
,8450773,19981999,35,844:43,11,6,16,81,73,45,1,1,24:52,736:12,16,7.41,1,0,0,0,0,0,17,1221,11:34,10:05,01:08,00:20
,8451293,19981999,33,153:43,2,1,50,22,30,20,0,0,03:21,150:19,50,4.55,0,0,0,0,0,-2,3,239,05:07,05:00,00:00,00:06
,8452216,19981999,35,1136:18,17,17,133,134,78,130,8,14,218:57,914:05,133,12.69,2,0,0,0,0,11,34,1524,14:34,11:43,00:02,02:48
,8456531,19981999,27,1978:18,21,9,102,125,80,204,3,5,189:59,1508:05,102,7.2,2,0,0,1,0,21,30,2170,24:43,18:51,03:30,02:22
,8457686,19981999,28,773:14,14,6,16,90,51,19,1,4,112:31,571:57,16,6.67,0,0,0,1,0,4,20,981,15:09,11:12,01:44,02:12
,8458172,19981999,27,1573:41,34,14,50,163,74,83,9,35,359:06,1103:13,50,8.59,2,0,0,0,0,-1,48,1808,21:15,14:54,01:30,04:51
,8458522,19981999,26,1364:11,9,3,51,54,64,186,1,2,24:31,1123:14,51,5.56,0,0,0,1,0,23,12,1616,21:18,17:33,03:22,00:22
,8458666,19981999,26,12:37,0,0,0,4,1,1,0,0,00:49,11:33,0,0.0,0,0,0,0,0,0,0,16,12:37,11:33,00:15,00:49
,8458959,19981999,26,1037:55,18,13,85,112,82,172,2,5,133:08,902:17,85,11.61,4,0,0,0,0,1,31,1433,12:39,11:00,00:01,01:37
,8459010,19981999,25,57:02,0,0,10,4,7,13,0,0,00:28,50:59,10,0.0,0,0,0,0,0,-1,0,91,08:08,07:17,00:47,00:04
,8459024,19981999,26,1450:30,32,20,18,173,74,72,7,17,258:45,1020:12,18,11.56,2,0,1,2,0,29,52,1913,19:36,13:47,02:19,03:29
,8459457,19981999,24,1188:39,33,12,62,145,75,129,4,16,211:19,934:22,62,8.28,1,0,0,0,0,10,45,1633,15:50,12:27,00:34,02:49
,8460510,19981999,23,141:15,0,0,23,8,17,27,0,0,02:18,138:50,23,0.0,0,0,0,0,0,-2,0,213,08:18,08:10,00:00,00:08
,8460580,19981999,23,228:18,2,1,19,8,14,32,0,0,06:45,211:18,19,12.5,0,0,0,0,0,3,3,276,16:18,15:05,00:43,00:28
,8460587,19981999,23,83:43,0,0,0,10,11,18,0,0,02:02,80:25,0,0.0,0,0,0,0,0,-3,0,124,07:36,07:18,00:06,00:11
,8462090,19981999,22,27:40,0,0,2,0,2,3,0,0,03:53,23:47,2,0.0,0,0,0,0,0,0,0,39,13:50,11:53,00:00,01:56
,8462096,19981999,24,566:21,7,1,16,46,36,25,0,5,98:57,441:17,16,2.17,1,0,0,1,0,-3,8,679,15:43,12:15,00:43,02:44
,8465024,19981999,22,79:59,0,1,12,8,7,15,0,0,08:09,71:39,12,12.5,0,0,0,0,0,1,1,114,11:25,10:14,00:01,01:09
,8466971,19981999,24,126:12,0,0,10,7,14,27,0,0,02:23,123:41,10,0.0,0,0,0,0,0,-1,0,186,09:00,08:50,00:00,00:10
,8449654,19992000,31,1124:36,20,24,20,161,59,41,5,8,183:28,845:14,20,14.91,1,0,1,1,0,3,44,1330,19:03,14:19,01:37,03:06
,8451805,19992000,31,104:03,2,0,2,10,6,4,0,1,11:36,87:42,2,0.0,0,0,0,0,0,2,2,117,17:20,14:37,00:47,01:56
,8455653,19992000,28,508:36,1,3,6,24,32,31,0,1,04:55,443:15,6,12.5,0,0,0,0,0,-6,4,575,15:53,13:51,01:53,00:09
,8457191,19992000,32,494:25,4,1,23,18,24,26,1,2,57:50,378:56,23,5.56,1,0,0,0,0,1,5,513,20:36,15:47,02:24,02:24
,8459429,19992000,26,1298:50,34,22,51,244,76,194,7,15,243:22,1046:38,51,9.02,4,1,0,0,0,22,56,1372,17:05,13:46,00:06,03:12
,8459435,19992000,25,526:58,5,6,18,56,47,56,0,0,04:04,380:40,18,10.71,1,0,0,1,0,-6,11,739,11:12,08:05,03:01,00:05
,8459454,19992000,26,953:02,8,7,4,86,71,91,0,0,09:54,728:00,4,8.14,0,0,0,0,0,0,15,1205,13:25,10:15,03:01,00:08
,8459461,19992000,25,886:30,28,7,18,96,56,64,2,11,119:53,710:25,18,7.29,1,1,0,0,0,12,35,1031,15:49,12:41,01:00,02:08
,8459486,19992000,27,465:49,10,6,184,61,69,84,1,1,15:13,445:27,184,9.84,2,0,0,0,0,-2,16,635,06:45,06:27,00:04,00:13
,8460014,19992000,25,110:33,0,0,4,12,12,30,0,0,11:09,98:30,4,0.0,0,0,0,0,0,-6,0,149,09:12,08:12,00:04,00:55
,8460465,19992000,24,1351:25,43,25,26,222,79,33,5,18,212:49,1115:16,26,11.26,4,0,1,1,0,24,68,1459,17:06,14:07,00:17,02:41
,8460515,19992000,25,443:30,5,5,22,46,37,32,1,2,34:08,388:45,22,10.87,0,0,0,0,0,-13,10,572,11:59,10:30,00:33,00:55
,8460521,19992000,24,898:04,7,4,24,94,54,67,0,2,111:55,772:04,24,4.26,1,0,0,0,0,-2,11,1095,16:37,14:17,00:15,02:04
,8460542,19992000,24,1257:21,37,35,58,183,72,112,9,24,191:43,1003:30,58,19.13,9,1,0,0,0,16,72,1414,17:27,13:56,00:51,02:39
,8460561,19992000,24,1260:48,8,3,114,113,71,120,0,2,32:28,1059:05,114,2.65,0,0,0,0,0,1,11,1449,17:45,14:55,02:23,00:27
,8462037,19992000,24,04:28,0,0,0,0,1,0,0,0,00:00,04:28,0,0.0,0,0,0,0,0,0,0,6,04:28,04:28,00:00,00:00
,8465005,19992000,23,309:55,1,2,40,29,21,35,0,0,02:11,278:08,40,6.9,1,0,0,0,0,3,3,366,14:45,13:14,01:24,00:06
,8465185,19992000,23,32:08,0,0,0,2,2,1,0,0,00:00,32:08,0,0.0,0,0,0,0,0,1,0,34,16:04,16:04,00:00,00:00
,8466371,19992000,27,863:16,9,16,6,115,74,92,0,0,07:49,623:07,6,13.91,3,0,6,6,0,7,25,1154,11:39,08:25,03:08,00:06
,8467351,19992000,21,1340:31,51,19,78,204,82,49,7,27,242:02,1088:54,78,9.31,1,0,0,0,0,14,70,1442,16:20,13:16,00:07,02:57
,8467856,19992000,27,1413:37,27,5,28,128,75,102,1,7,163:10,1230:14,28,3.91,1,0,0,0,0,21,32,1452,18:50,16:24,00:16,02:10
,8445550,20002001,32,1860:07,40,19,77,267,67,175,10,29,368:52,1229:50,77,7.12,2,0,0,1,0,3,59,2017,27:45,18:21,03:54,05:30
,8445621,20002001,41,2087:44,52,7,48,216,80,113,2,33,402:39,1358:54,48,3.24,0,0,2,2,0,25,59,2591,26:05,16:59,04:04,05:01
,8457704,20002001,33,1179:40,17,15,68,137,82,116,0,0,35:35,924:06,68,10.95,3,0,0,0,0,7,32,1978,14:23,11:16,02:40,00:26
,8459538,20002001,26,452:11,2,1,40,26,46,41,0,0,05:44,441:44,40,3.85,1,0,0,0,0,2,3,681,09:49,09:36,00:06,00:07
,8459654,20002001,27,29:22,0,0,2,0,3,7,0,0,00:02,29:20,2,0.0,0,0,0,0,0,0,0,48,09:47,09:46,00:00,00:00
,8460012,20002001,28,785:35,7,5,26,60,64,142,0,0,12:46,651:55,26,8.33,1,0,0,0,0,-3,12,1304,12:16,10:11,01:53,00:11
,8460254,20002001,28,1351:18,12,5,51,76,79,142,0,0,14:44,1211:11,51,6.58,0,0,0,1,0,23,17,1955,17:06,15:19,01:35,00:11
,8460509,20002001,25,263:49,1,1,108,33,41,74,0,0,05:11,258:26,108,3.03,0,0,0,0,0,-3,2,432,06:26,06:18,00:00,00:07
,8460562,20002001,25,1281:29,41,24,47,204,71,65,11,30,274:14,988:43,47,11.76,5,0,0,0,0,6,65,1886,18:02,13:55,00:15,03:51
,8460577,20002001,25,1589:00,38,41,36,213,80,88,12,27,286:38,1258:41,36,19.25,9,2,1,3,0,32,79,2218,19:51,15:44,00:32,03:34
,8462082,20002001,24,83:31,0,0,0,3,9,19,0,0,00:09,80:17,0,0.0,0,0,0,0,0,1,0,139,09:16,08:55,00:20,00:01
,8462600,20002001,25,13:30,0,0,0,0,2,3,0,0,02:07,11:23,0,0.0,0,0,0,0,0,-2,0,22,06:45,05:41,00:00,01:03
,8463638,20002001,28,251:35,3,0,19,17,18,21,0,2,17:01,190:51,19,0.0,0,0,0,0,0,-7,3,354,13:58,10:36,02:25,00:56
,8465002,20002001,23,31:43,0,0,0,2,3,4,0,0,03:31,28:12,0,0.0,0,0,0,0,0,0,0,46,10:34,09:24,00:00,01:10
,8465016,20002001,23,393:33,3,2,155,35,69,104,0,0,05:47,386:42,155,5.71,1,0,0,0,0,-2,5,673,05:42,05:36,00:00,00:05
,8465175,20002001,24,786:45,10,5,51,69,76,199,1,3,38:48,690:51,51,7.25,1,0,0,0,0,1,15,1382,10:21,09:05,00:45,00:30
,8466189,20002001,23,230:41,4,0,38,10,19,29,0,0,06:22,223:31,38,0.0,0,0,0,0,0,5,4,320,12:08,11:45,00:02,00:20
,8466210,20002001,24,621:46,8,14,38,68,50,62,2,5,95:28,525:30,38,20.59,3,0,0,0,0,8,22,1000,12:26,10:30,00:00,01:54
,8467338,20002001,22,1463:42,50,27,37,135,82,102,7,18,223:33,1233:58,37,20.0,3,0,1,1,0,35,77,2090,17:51,15:02,00:04,02:43
,8467343,20002001,22,1696:31,17,8,38,108,82,113,3,9,182:29,1380:01,38,7.41,2,0,0,0,0,8,25,2393,20:41,16:49,01:38,02:13
,8468432,20002001,25,1074:40,21,15,14,100,80,88,3,4,103:32,874:01,14,15.0,3,0,2,5,0,10,36,1519,13:26,10:55,01:12,01:17
,8446053,20012002,40,1998:43,33,6,126,128,79,106,1,7,149:11,1454:18,126,4.69,1,1,0,3,0,40,39,2099,25:18,18:24,05:00,01:53
,8446494,20012002,37,1017:00,15,3,28,70,64,32,1,2,151:39,833:22,28,4.29,2,0,0,0,0,3,18,1263,15:53,13:01,00:29,02:22
,8449971,20012002,36,781:19,13,2,22,61,47,24,0,1,77:36,673:06,22,3.28,1,0,1,1,0,9,15,949,16:37,14:19,00:39,01:39
,8450941,20012002,36,1202:54,20,30,38,190,81,35,13,21,280:15,921:33,38,15.79,5,1,0,0,0,-2,50,1371,14:51,11:22,00:00,03:27
,8458052,20012002,31,965:40,6,3,59,67,46,95,1,3,85:46,745:31,59,4.48,0,0,0,1,0,-20,9,1179,20:59,16:12,02:55,01:51
,8460663,20012002,27,20:52,0,0,4,2,4,1,0,0,00:00,20:52,4,0.0,0,0,0,0,0,0,0,33,05:13,05:13,00:00,00:00
,8462056,20012002,25,462:01,2,1,40,27,39,71,0,0,02:29,448:52,40,3.7,0,0,0,0,0,0,3,590,11:50,11:30,00:16,00:03
,8464960,20012002,24,908:59,16,9,24,116,79,70,0,0,07:02,872:59,24,7.76,2,0,0,0,0,9,25,1101,11:30,11:03,00:22,00:05
,8464976,20012002,24,160:29,1,0,13,8,15,30,0,0,00:32,158:27,13,0.0,0,0,0,0,0,-1,1,235,10:41,10:33,00:06,00:02
,8466183,20012002,24,136:54,0,2,4,10,11,3,0,0,08:53,118:48,4,20.0,0,0,0,0,0,0,2,174,12:26,10:48,00:50,00:48
,8467349,20012002,22,1373:35,8,2,67,103,80,171,0,0,10:45,1224:50,67,1.94,1,0,0,0,0,17,10,1714,17:10,15:18,01:43,00:08
,8467514,20012002,24,955:04,24,11,4,79,70,27,2,11,137:23,805:12,4,13.92,1,0,0,0,0,4,35,1119,13:38,11:30,00:10,01:57
,8468224,20012002,22,282:51,2,2,68,30,36,71,0,1,01:47,271:33,68,6.67,1,0,0,0,0,1,4,418,07:51,07:32,00:15,00:02
,8468789,20012002,22,270:59,2,8,4,32,25,35,4,4,25:50,241:58,4,25.0,0,0,0,0,0,2,10,331,10:50,09:40,00:07,01:02
,8449477,20022003,34,585:02,8,4,88,42,76,28,0,0,05:32,579:17,88,9.52,2,0,0,0,3,3,12,893,07:41,07:37,00:00,00:04
,8458058,20022003,33,1055:12,11,2,16,49,55,26,0,1,58:22,851:44,16,4.08,0,0,0,0,22,-5,13,1350,19:11,15:29,02:38,01:03
,8458557,20022003,31,31:47,1,0,0,1,3,0,0,0,00:11,31:35,0,0.0,0,0,0,0,0,-1,1,44,10:35,10:31,00:00,00:03
,8459223,20022003,30,935:51,10,8,32,93,77,35,0,1,18:02,737:27,32,8.6,2,0,3,4,14,-5,18,1411,12:09,09:34,02:20,00:14
,8460482,20022003,30,95:57,0,2,2,6,12,1,0,0,02:04,86:47,2,33.33,0,0,0,0,2,1,2,143,07:59,07:13,00:35,00:10
,8460493,20022003,27,839:45,8,5,22,76,50,8,2,4,135:50,692:34,22,6.58,1,0,0,0,13,2,13,1096,16:47,13:51,00:13,02:43
,8460501,20022003,27,1259:00,28,23,26,179,81,16,3,8,207:13,1042:35,26,12.85,4,1,0,0,8,23,51,1669,15:32,12:52,00:06,02:33
,8460689,20022003,27,201:19,1,0,6,20,11,8,0,0,27:10,172:41,6,0.0,0,0,0,0,6,-2,1,269,18:18,15:41,00:08,02:28
,8465250,20022003,25,1448:09,13,4,36,113,67,19,2,8,217:55,1082:12,36,3.54,0,0,0,3,50,-8,17,1980,21:36,16:09,02:12,03:15
,8466261,20022003,25,519:20,6,5,25,63,44,6,1,1,40:06,478:30,25,7.94,1,0,0,0,4,7,11,694,11:48,10:52,00:01,00:54
,8467336,20022003,23,302:59,3,5,21,34,26,17,2,3,41:53,260:12,21,14.71,3,0,0,0,2,0,8,421,11:39,10:00,00:02,01:36
,8467363,20022003,23,386:57,5,4,20,50,38,9,0,0,19:20,365:04,20,8.0,0,0,0,0,0,3,9,550,10:10,09:36,00:04,00:30
,8467407,20022003,24,858:14,13,12,23,129,58,15,2,3,115:43,705:36,23,9.3,3,1,0,0,2,5,25,1159,14:47,12:09,00:38,01:59
,8468615,20022003,23,152:36,0,2,35,18,17,9,0,0,00:37,151:31,35,11.11,0,0,0,0,0,0,2,225,08:58,08:54,00:01,00:02
,8445000,20032004,41,1402:46,18,21,42,165,82,14,10,16,287:01,974:26,42,12.73,5,1,0,0,0,-9,39,2115,17:06,11:53,01:43,03:30
,8451059,20032004,35,57:49,0,0,2,5,5,2,0,0,06:23,50:56,2,0.0,0,0,0,0,0,-2,0,82,11:33,10:11,00:06,01:16
,8458543,20032004,32,1503:15,5,2,58,78,79,86,0,0,12:26,1263:30,58,2.56,1,1,0,0,0,8,7,2042,19:01,15:59,02:52,00:09
,8458943,20032004,31,1581:51,55,25,36,178,81,48,11,26,305:42,1141:04,36,14.04,6,0,1,1,0,18,80,2050,19:31,14:05,01:40,03:46
,8460556,20032004,30,1492:23,28,29,32,206,82,36,5,6,152:58,1205:19,32,14.08,2,0,1,4,0,31,57,1986,18:11,14:41,01:38,01:51
,8460639,20032004,29,259:24,1,1,78,24,33,36,0,0,05:35,253:20,78,4.17,0,0,0,0,0,-5,2,390,07:51,07:40,00:00,00:10
,8462085,20032004,27,165:59,6,0,2,27,12,13,0,1,32:41,131:30,2,0.0,0,0,0,0,0,1,6,229,13:49,10:57,00:09,02:43
,8464981,20032004,26,1518:06,16,3,89,93,82,115,0,0,13:07,1282:54,89,3.23,1,0,1,2,0,5,19,2093,18:30,15:38,02:42,00:09
,8465210,20032004,27,1712:43,18,17,85,153,81,99,8,12,241:50,1298:36,85,11.11,4,1,1,1,0,9,35,2216,21:08,16:01,02:07,02:59
,8466162,20032004,26,646:41,8,2,50,96,66,52,0,0,16:21,610:52,50,2.08,0,0,0,0,0,5,10,946,09:47,09:15,00:17,00:14
,8466378,20032004,29,1687:46,56,38,24,212,82,34,8,30,332:33,1223:02,24,17.92,7,1,8,11,0,35,94,2119,20:34,14:54,01:36,04:03
,8466399,20032004,29,34:06,0,0,0,3,4,1,0,0,00:02,33:14,0,0.0,0,0,0,0,0,-1,0,50,08:31,08:18,00:12,00:00
,8467096,20032004,28,1775:39,30,9,60,137,78,80,3,15,342:46,1412:50,60,6.57,2,0,0,0,0,23,39,1999,22:45,18:06,00:15,04:23
,8467329,20032004,24,1462:51,34,32,52,242,81,48,5,14,282:28,1136:34,52,13.22,6,0,2,2,0,23,66,1858,18:03,14:01,00:32,03:29
,8467389,20032004,24,1675:11,53,26,12,244,82,9,5,26,335:24,1244:28,12,10.66,6,0,1,2,0,14,79,2040,20:25,15:10,01:09,04:05
,8467397,20032004,24,876:48,10,6,12,98,71,11,0,2,77:35,798:40,12,6.12,1,0,0,0,0,-4,16,1286,12:20,11:14,00:00,01:05
,8467557,20032004,24,477:53,7,2,30,44,63,48,0,0,05:47,461:08,30,4.55,0,0,0,0,0,-1,9,710,07:35,07:19,00:10,00:05
,8468172,20032004,25,1128:01,22,17,30,116,77,53,0,1,115:16,1005:07,30,14.66,3,0,0,0,0,14,39,1538,14:38,13:03,00:05,01:29
,8469456,20032004,22,468:59,9,2,20,52,40,39,0,1,54:21,412:56,20,3.85,0,0,0,0,0,-8,11,588,11:43,10:19,00:02,01:21
,8460520,20032004,29,14:59,1,0,0,0,1,0,0,0,00:00,13:00,0,0.0,0,0,0,1,0,2,1,23,14:59,13:00,01:59,00:00
,8445735,20052006,36,1894:53,39,31,68,198,78,50,19,35,421:14,1134:01,68,15.66,5,0,2,5,78,8,70,2364,24:17,14:32,04:21,05:24
,8452371,20052006,38,990:05,8,2,46,28,64,40,0,0,16:37,743:59,46,7.14,0,0,0,0,129,10,10,1470,15:28,11:37,03:35,00:15
,8456547,20052006,36,1503:10,22,5,58,73,74,38,2,7,99:04,1152:17,58,6.85,1,0,1,3,128,11,27,2061,20:18,15:34,03:24,01:20
,8458361,20052006,35,1451:54,42,15,75,175,70,46,9,28,453:55,939:00,75,8.57,1,0,0,1,40,-17,57,1681,20:44,13:24,00:50,06:29
,8458537,20052006,34,1083:03,38,17,42,147,63,5,12,36,371:18,706:30,42,11.56,2,1,0,0,26,0,55,1298,17:11,11:12,00:05,05:53
,8459446,20052006,32,1056:34,8,15,36,160,82,37,0,0,27:48,755:43,36,9.38,2,0,2,3,46,0,23,1499,12:53,09:12,03:19,00:20
,8464989,20052006,30,1282:12,24,25,40,214,78,26,8,18,372:37,891:31,40,11.68,5,1,0,1,33,4,49,1662,16:26,11:25,00:13,04:46
,8465067,20052006,28,96:55,0,0,64,5,38,25,0,0,00:47,95:37,64,0.0,0,0,0,0,1,-7,0,148,02:33,02:30,00:00,00:01
,8465166,20052006,29,824:19,11,10,51,68,67,151,1,1,12:46,624:21,51,14.71,2,0,1,3,42,1,21,1182,12:18,09:19,02:47,00:11
,8466320,20052006,27,410:44,2,4,34,38,58,23,0,0,15:06,376:15,34,10.53,0,0,0,0,21,-8,6,605,07:04,06:29,00:20,00:15
,8467396,20052006,28,1157:39,29,30,54,164,60,123,3,14,276:46,776:58,54,18.29,8,0,3,4,29,19,59,1566,19:17,12:56,01:43,04:36
,8467416,20052006,26,353:54,5,4,8,41,23,10,0,1,66:47,285:59,8,9.76,0,0,0,0,8,3,9,478,15:23,12:26,00:02,02:54
,8467915,20052006,27,1116:09,10,3,138,72,72,125,0,1,24:18,901:54,138,4.17,2,0,0,1,90,12,13,1613,15:30,12:31,02:38,00:20
,8467927,20052006,26,373:20,8,3,18,33,36,2,2,8,179:14,188:40,18,9.09,0,0,0,0,13,-2,11,463,10:22,05:14,00:09,04:58
,8467937,20052006,25,213:10,0,1,4,17,23,10,0,0,31:16,180:17,4,5.88,0,0,0,0,8,1,1,313,09:16,07:50,00:04,01:21
,8467949,20052006,33,1509:56,38,6,46,126,77,30,1,17,318:47,1046:08,46,4.76,3,2,0,1,104,8,44,2074,19:36,13:35,01:53,04:08
,8468085,20052006,25,908:40,24,15,22,185,61,6,6,16,234:11,671:25,22,8.11,0,0,0,1,7,4,39,1135,14:53,11:00,00:03,03:50
,8468508,20052006,25,1733:07,45,31,60,255,82,32,8,25,380:01,1061:46,60,12.16,4,0,4,6,62,1,76,2287,21:08,12:56,03:33,04:38
,8468577,20052006,31,841:22,4,4,42,44,50,76,0,1,13:58,673:02,42,9.09,0,0,0,0,73,2,8,1197,16:49,13:27,03:05,00:16
,8469132,20052006,28,07:12,1,0,0,0,1,1,0,0,00:58,06:14,0,0.0,0,0,0,0,1,2,1,13,07:12,06:14,00:00,00:58
,8469779,20052006,28,37:16,1,0,4,3,7,2,0,0,05:00,32:16,4,0.0,0,0,0,0,1,-4,1,60,05:19,04:36,00:00,00:42
,8469812,20052006,24,518:14,12,1,35,62,49,45,0,3,39:04,467:17,35,1.61,1,0,0,0,15,7,13,720,10:34,09:32,00:14,00:47
,8470265,20052006,22,576:53,5,5,22,56,39,33,3,7,142:14,401:59,22,8.93,0,0,0,0,50,-7,10,762,14:47,10:18,00:50,03:38
,8470595,20052006,22,1610:50,55,45,81,279,82,43,19,40,451:10,1098:00,81,16.13,4,0,4,4,36,-8,100,2066,19:38,13:23,00:45,05:30
,8470624,20052006,22,226:04,1,0,25,13,20,11,0,0,14:10,203:54,25,0.0,0,0,0,0,8,-6,1,328,11:18,10:11,00:24,00:42
,8471217,20052006,21,323:51,5,6,4,43,29,33,3,4,51:11,269:40,4,13.95,0,0,0,0,4,0,11,471,11:10,09:17,00:06,01:45
,8456430,20062007,37,275:49,1,1,27,22,31,41,0,0,02:46,180:14,27,4.55,0,0,0,0,9,4,2,436,08:53,05:48,02:59,00:05
,8457261,20062007,36,235:54,4,0,21,22,24,29,0,0,01:42,234:01,21,0.0,0,0,0,0,6,-1,4,349,09:49,09:45,00:00,00:04
,8457421,20062007,35,06:06,0,0,0,0,1,0,0,0,00:00,06:06,0,0.0,0,0,0,0,0,-1,0,10,06:06,06:06,00:00,00:00
,8457981,20062007,37,1450:57,46,48,82,257,82,10,25,48,380:54,1061:17,82,18.68,10,2,0,0,9,26,94,1828,17:41,12:56,00:06,04:38
,8458637,20062007,36,1573:39,15,2,92,47,79,55,0,0,10:51,1274:16,92,4.26,1,0,0,1,62,9,17,1916,19:55,16:07,03:39,00:08
,8459424,20062007,33,1788:33,46,13,69,166,66,77,8,36,382:40,1156:35,69,7.83,2,0,0,0,104,27,59,1836,27:05,17:31,03:46,05:47
,8459427,20062007,33,1364:38,11,5,77,106,82,69,0,0,15:40,1042:48,77,4.72,0,0,0,0,25,-8,16,1914,16:38,12:43,03:44,00:11
,8464959,20062007,29,424:41,10,2,20,36,31,27,1,6,61:44,360:09,20,5.56,1,0,0,0,28,0,12,597,13:41,11:37,00:05,01:59
,8465192,20062007,30,1423:36,18,8,42,111,82,181,0,0,13:16,1043:06,42,7.21,1,0,0,0,28,-4,26,1962,17:21,12:43,04:28,00:09
,8465978,20062007,30,404:58,7,2,88,60,48,49,0,1,02:38,401:29,88,3.33,0,0,0,0,6,3,9,621,08:26,08:21,00:01,00:03
,8466292,20062007,28,509:09,11,3,120,30,58,75,0,0,04:13,502:39,120,10.0,0,0,0,0,10,-9,14,725,08:46,08:39,00:02,00:04
,8467387,20062007,28,923:56,6,2,48,33,76,26,0,0,02:15,826:32,48,6.06,1,0,0,0,62,1,8,1278,12:09,10:52,01:15,00:01
,8467400,20062007,27,1808:32,21,7,49,128,71,118,2,13,212:56,1313:57,49,5.47,0,0,0,0,75,7,28,1934,25:28,18:30,03:58,02:59
,8467478,20062007,28,464:12,3,0,14,16,33,29,0,1,13:44,414:37,14,0.0,0,0,0,0,33,-3,3,624,14:04,12:33,01:05,00:24
,8468036,20062007,26,21:57,0,1,0,1,3,2,0,0,00:00,21:57,0,100.0,0,0,0,0,2,-1,1,34,07:19,07:19,00:00,00:00
,8468095,20062007,28,171:45,0,1,102,19,34,28,0,0,01:33,170:06,102,5.26,0,0,0,0,7,-3,1,274,05:03,05:00,00:00,00:02
,8468434,20062007,30,1442:26,51,27,46,252,82,44,8,33,355:17,1080:16,46,10.71,3,1,0,0,12,16,78,1815,17:35,13:10,00:05,04:19
,8468635,20062007,25,1213:53,10,11,101,124,82,128,0,0,13:52,975:24,101,8.87,0,0,0,1,41,-4,21,1718,14:48,11:53,02:44,00:10
,8469458,20062007,24,518:50,8,5,36,49,61,37,1,1,54:08,463:18,36,10.2,1,0,0,0,10,-8,13,734,08:30,07:35,00:01,00:53
,8469997,20062007,30,129:13,2,1,6,15,12,7,1,3,23:08,106:01,6,6.67,0,0,0,0,2,1,3,169,10:46,08:50,00:00,01:55
,8470283,20062007,23,103:44,0,1,6,14,15,7,0,0,01:12,100:41,6,7.14,0,0,0,0,1,-5,1,163,06:54,06:42,00:07,00:04
,8470310,20062007,24,14:31,0,0,0,1,1,3,0,0,00:00,13:45,0,0.0,0,0,0,0,1,-1,0,18,14:31,13:45,00:46,00:00
,8470543,20062007,28,1381:09,35,25,81,180,81,159,11,20,327:20,1027:29,81,13.89,5,0,0,0,15,23,60,1787,17:03,12:41,00:19,04:02
,8470612,20062007,22,1234:52,33,25,66,203,82,99,11,31,281:28,830:52,66,12.32,6,1,1,1,39,17,58,1627,15:03,10:07,01:29,03:25
,8470621,20062007,22,1022:24,27,17,55,194,82,59,4,20,219:58,797:03,55,8.76,3,0,0,0,13,12,44,1365,12:28,09:43,00:03,02:40
,8470839,20062007,24,1198:16,14,2,176,72,80,83,1,4,88:51,1061:53,176,2.78,2,0,0,0,64,-3,16,1540,14:58,13:16,00:35,01:06
,8471185,20062007,25,82:25,0,1,2,8,9,13,0,0,02:06,80:12,2,12.5,0,0,0,0,1,-5,1,121,09:09,08:54,00:00,00:14
,8471208,20062007,25,1146:49,16,29,58,204,82,97,9,16,239:17,904:32,58,14.22,5,0,0,0,18,-2,45,1552,13:59,11:01,00:02,02:55
,8471634,20062007,24,564:21,9,2,10,77,53,18,0,0,11:37,550:23,10,2.6,0,0,0,0,6,-2,11,815,10:38,10:23,00:02,00:13
,8470564,20062007,27,45:06,0,1,0,10,7,3,0,0,00:57,43:55,0,10.0,0,0,0,0,1,0,1,71,06:26,06:16,00:02,00:08
,8456106,20072008,39,695:47,3,3,41,46,65,92,0,0,08:39,563:01,41,6.52,0,0,1,1,25,-12,6,1113,10:42,08:39,01:54,00:07
,8465992,20072008,34,256:56,3,0,116,15,56,79,0,0,01:20,255:13,116,0.0,0,0,0,0,6,0,3,422,04:35,04:33,00:00,00:01
,8466149,20072008,30,1095:21,22,20,33,177,63,82,5,12,167:34,779:40,33,11.3,3,0,0,1,14,21,42,1530,17:23,12:22,02:21,02:39
,8467331,20072008,29,1523:29,17,6,69,132,72,118,2,10,215:54,1101:12,69,4.55,1,0,0,0,95,-10,23,1920,21:09,15:17,02:51,02:59
,8467463,20072008,32,1187:09,29,11,26,249,73,74,3,11,198:57,983:11,26,4.42,1,0,0,0,21,21,40,1536,16:15,13:28,00:04,02:43
,8468083,20072008,28,1655:18,49,43,34,358,75,31,16,36,344:00,1149:03,34,12.01,7,0,1,1,16,30,92,1994,22:04,15:19,02:09,04:35
,8468509,20072008,27,1371:57,28,7,44,108,65,93,0,8,182:24,1033:19,44,6.48,0,0,0,0,79,25,35,1794,21:06,15:53,02:24,02:48
,8468518,20072008,26,740:25,7,5,43,87,77,111,0,0,33:43,698:39,43,5.75,1,0,0,0,17,2,12,1087,09:36,09:04,00:06,00:26
,8468534,20072008,33,1440:22,10,2,93,72,79,133,0,0,11:58,1200:09,93,2.78,2,0,0,0,114,-2,12,1932,18:13,15:11,02:53,00:09
,8470018,20072008,27,429:17,5,3,26,66,54,28,0,0,02:40,380:37,26,4.55,1,0,1,1,16,3,8,631,07:56,07:02,00:51,00:02
,8470047,20072008,24,1323:09,17,19,28,122,78,35,3,8,142:58,1084:38,28,15.57,3,0,0,0,26,16,36,1789,16:57,13:54,01:13,01:49
,8470061,20072008,24,388:29,3,0,6,44,32,22,0,3,37:32,347:40,6,0.0,0,0,0,0,18,-5,3,546,12:08,10:51,00:06,01:10
,8470201,20072008,24,1066:39,29,13,26,131,81,25,3,15,218:05,847:35,26,9.92,2,0,0,0,8,11,42,1402,13:10,10:27,00:00,02:41
,8470318,20072008,24,127:44,0,1,4,19,8,9,1,1,13:12,105:19,4,5.26,0,0,0,0,3,-3,1,181,15:58,13:09,01:09,01:39
,8470724,20072008,23,83:50,0,0,4,5,6,12,0,0,00:22,63:59,4,0.0,0,0,0,0,7,-3,0,119,13:58,10:39,03:14,00:03
,8471011,20072008,28,13:30,0,0,0,1,2,1,0,0,04:21,09:09,0,0.0,0,0,0,0,0,0,0,22,06:45,04:34,00:00,02:10
,8471187,20072008,26,1285:07,11,3,48,110,78,46,0,3,108:43,1150:07,48,2.73,1,1,0,0,38,-1,14,1705,16:28,14:44,00:20,01:23
,8471309,20072008,29,1276:24,11,27,51,199,72,89,14,16,188:25,947:03,51,13.57,8,1,0,1,24,12,38,1704,17:43,13:09,01:57,02:37
,8471668,20072008,21,11:33,1,0,0,2,2,0,0,0,00:00,11:33,0,0.0,0,0,0,0,0,0,1,18,05:46,05:46,00:00,00:00
,8471716,20072008,21,24:26,0,0,2,6,2,5,0,0,00:00,23:01,2,0.0,0,0,0,0,0,0,0,33,12:13,11:30,00:42,00:00
,8471794,20072008,21,49:00,0,0,2,7,7,3,0,0,00:27,47:15,2,0.0,0,0,0,0,0,-2,0,74,07:00,06:45,00:11,00:03
,8458527,20082009,36,824:27,6,3,39,66,41,81,0,3,95:00,647:25,39,4.55,0,0,0,0,95,6,9,931,20:06,15:47,02:00,02:19
,8458951,20082009,35,629:38,13,6,26,71,25,25,5,13,156:14,411:50,26,8.45,1,0,0,0,38,6,19,637,25:11,16:28,02:27,06:14
,8459534,20082009,35,1023:46,19,17,36,120,65,20,6,11,188:01,834:50,36,14.17,2,0,0,0,10,3,36,1178,15:45,12:50,00:00,02:53
,8459628,20082009,34,1109:28,8,2,53,40,62,78,0,0,02:59,909:13,53,5.0,0,0,0,0,112,11,10,1370,17:53,14:39,03:10,00:02
,8465951,20082009,31,1079:55,18,13,101,86,76,262,0,1,36:29,914:31,101,15.12,1,0,0,0,37,0,31,1429,14:12,12:01,01:41,00:28
,8466393,20082009,30,1009:34,16,12,30,145,71,68,0,0,06:48,812:22,30,8.28,2,1,0,1,30,1,28,1318,14:13,11:26,02:40,00:05
,8467452,20082009,31,1552:19,15,1,18,51,81,61,0,0,04:34,1240:47,18,1.96,0,0,0,0,164,23,16,1862,19:09,15:19,03:47,00:03
,8467580,20082009,32,1208:15,5,4,36,34,68,43,1,1,30:44,989:59,36,11.76,0,0,0,0,148,3,9,1523,17:46,14:33,02:45,00:27
,8468252,20082009,29,288:46,2,2,171,20,71,37,0,0,00:41,287:55,171,10.0,0,0,0,0,12,-3,4,451,04:04,04:03,00:00,00:00
,8468498,20082009,29,1605:58,17,2,73,39,79,309,1,2,41:04,1368:51,73,5.13,0,0,0,0,152,10,19,1931,20:19,17:19,02:28,00:31
,8468510,20082009,28,68:03,2,0,2,5,8,3,0,2,13:14,54:49,2,0.0,0,0,0,0,0,-4,2,103,08:30,06:51,00:00,01:39
,8470171,20082009,25,1060:09,10,12,63,102,75,115,0,1,21:59,837:51,63,11.76,1,0,2,2,47,-9,22,1397,14:08,11:10,02:40,00:17
,8470295,20082009,27,08:15,0,0,0,0,1,0,0,0,00:00,08:04,0,0.0,0,0,0,0,0,0,0,12,08:15,08:04,00:11,00:00
,8470309,20082009,26,1145:33,21,2,28,71,48,37,1,11,214:08,849:36,28,2.82,0,0,0,0,69,-14,23,1198,23:51,17:42,01:42,04:27
,8470383,20082009,28,188:16,2,1,4,33,20,32,0,0,09:34,178:42,4,3.03,1,0,0,0,5,0,3,267,09:24,08:56,00:00,00:28
,8470625,20082009,24,20:40,0,0,2,5,2,10,0,0,01:00,19:40,2,0.0,0,0,0,0,1,1,0,31,10:20,09:50,00:00,00:30
,8470713,20082009,24,52:51,1,0,22,4,15,15,0,0,00:00,52:51,22,0.0,0,0,0,0,0,-1,1,82,03:31,03:31,00:00,00:00
,8471215,20082009,23,1846:24,78,35,80,290,82,80,14,41,455:32,1302:27,80,12.07,4,2,2,2,39,17,113,1945,22:31,15:53,01:04,05:33
,8471274,20082009,24,823:52,14,6,16,61,45,30,4,8,180:04,640:02,16,9.84,0,0,0,0,49,5,20,919,18:18,14:13,00:05,04:00
,8471311,20082009,23,922:41,20,15,30,171,67,47,0,2,89:26,829:55,30,8.77,3,1,0,0,10,15,35,1182,13:46,12:23,00:02,01:20
,8471480,20082009,27,52:11,0,0,0,3,7,3,0,0,02:30,49:41,0,0.0,0,0,0,0,1,-3,0,74,07:27,07:05,00:00,00:21
,8471675,20082009,22,1689:33,70,33,76,238,77,80,7,40,413:51,1202:02,76,13.87,3,1,0,1,42,3,103,1834,21:56,15:36,00:57,05:22
,8471724,20082009,22,1564:48,23,10,24,138,74,111,4,11,265:25,1204:49,24,7.25,3,0,1,1,127,-7,33,1771,21:08,16:16,01:16,03:35
,8472361,20082009,26,152:19,1,2,2,17,16,14,0,0,00:18,117:31,2,11.76,0,0,1,1,10,-4,3,223,09:31,07:20,02:09,00:01
,8473533,20082009,21,1627:24,27,22,37,166,82,156,2,6,190:03,1147:40,37,13.25,3,0,1,4,55,5,49,2035,19:50,13:59,03:31,02:19
,8473734,20082009,25,129:53,2,0,7,17,16,37,0,0,02:08,127:45,7,0.0,0,0,0,0,1,2,2,188,08:07,07:59,00:00,00:08
,8473933,20082009,25,23:46,0,0,0,1,2,1,0,0,01:39,22:03,0,0.0,0,0,0,0,1,0,0,34,11:53,11:01,00:02,00:49
,8473997,20082009,21,51:21,0,1,4,7,5,3,0,0,05:16,46:05,4,14.29,0,0,0,0,0,-1,1,65,10:16,09:13,00:00,01:03
,8474138,20082009,21,150:58,2,1,0,18,14,8,0,0,07:18,127:44,0,5.56,0,0,0,0,3,4,3,212,10:47,09:07,01:08,00:31
,8460770,20092010,34,1367:14,10,7,30,94,60,43,3,4,169:35,1061:17,30,7.45,0,0,0,0,70,10,17,1819,22:47,17:41,02:16,02:49
,8462176,20092010,33,1084:53,7,1,34,48,73,50,0,0,09:32,904:45,34,2.08,0,0,0,0,120,3,8,1491,14:51,12:23,02:20,00:07
,8466145,20092010,31,815:15,7,1,71,50,49,64,1,2,37:51,702:48,71,2.0,0,0,0,0,59,5,8,1028,16:38,14:20,01:31,00:46
,8466148,20092010,31,1067:25,27,24,18,199,57,41,2,7,152:07,833:20,18,12.06,2,0,5,6,14,24,51,1372,18:43,14:37,01:26,02:40
,8466285,20092010,31,1578:36,31,7,18,131,68,37,3,11,197:15,1339:08,18,5.34,2,0,0,1,79,18,38,1828,23:12,19:41,00:37,02:54
,8469544,20092010,29,1485:47,41,25,28,266,82,45,4,16,229:27,1165:17,28,9.4,4,1,2,3,24,24,66,1875,18:07,14:12,01:06,02:47
,8470063,20092010,27,114:04,3,1,14,9,13,9,0,0,00:04,112:23,14,11.11,0,0,0,0,9,2,4,165,08:46,08:38,00:07,00:00
,8470280,20092010,26,499:43,9,7,120,68,60,51,0,0,03:26,496:17,120,10.29,2,0,0,0,6,9,16,736,08:19,08:16,00:00,00:03
,8470281,20092010,27,2180:34,55,14,51,213,82,46,3,16,230:24,1705:45,51,6.57,1,0,1,5,143,21,69,2419,26:35,20:48,02:58,02:48
,8470607,20092010,25,1811:09,26,4,59,129,78,208,0,6,125:41,1459:32,59,3.1,2,2,0,2,153,20,30,2249,23:13,18:42,02:53,01:36
,8470662,20092010,25,671:59,12,7,44,92,70,62,0,0,03:13,567:27,44,7.61,0,0,0,0,27,6,19,1065,09:35,08:06,01:26,00:02
,8470834,20092010,25,1346:28,17,17,94,211,82,215,6,11,223:04,1117:18,94,8.06,3,1,0,0,38,-7,34,1673,16:25,13:37,00:04,02:43
,8471216,20092010,24,1086:29,16,5,68,105,70,75,4,10,151:20,895:52,68,4.76,1,0,0,0,53,5,21,1574,15:31,12:47,00:33,02:09
,8471245,20092010,24,677:09,10,6,28,52,39,33,1,2,67:13,536:21,28,11.54,0,0,0,0,19,5,16,912,17:21,13:45,01:53,01:43
,8471254,20092010,24,153:30,1,3,5,20,16,22,0,0,01:48,151:42,5,15.0,1,0,0,0,2,4,4,216,09:35,09:28,00:00,00:06
,8471346,20092010,24,1242:28,24,20,35,184,79,35,4,11,151:29,1013:46,35,10.87,4,1,3,4,26,8,44,1645,15:43,12:49,00:58,01:55
,8471352,20092010,25,20:49,1,1,5,4,3,5,0,0,00:00,19:37,5,25.0,0,0,0,0,0,1,2,35,06:56,06:32,00:24,00:00
,8471426,20092010,25,1276:58,18,22,66,116,78,189,7,13,163:15,999:24,66,18.97,7,1,1,1,46,9,40,1754,16:22,12:48,01:27,02:05
,8471681,20092010,23,45:58,1,1,0,9,6,12,0,0,00:00,45:58,0,11.11,0,0,0,0,1,-3,2,69,07:39,07:39,00:00,00:00
,8471736,20092010,24,04:41,0,0,5,1,1,1,0,0,00:00,04:41,5,0.0,0,0,0,0,0,0,0,8,04:41,04:41,00:00,00:00
,8471769,20092010,23,1513:50,15,2,20,62,77,59,0,0,17:13,1330:17,20,3.23,1,0,0,1,137,9,17,1994,19:39,17:16,02:09,00:13
,8472370,20092010,26,509:35,6,2,10,42,43,44,0,0,04:36,495:08,10,4.76,1,0,0,0,21,5,8,695,11:51,11:30,00:13,00:06
,8473604,20092010,22,1520:15,43,25,47,202,76,56,9,22,227:02,1176:03,47,12.38,3,0,1,4,33,22,68,1905,20:00,15:28,01:32,02:59
,8473682,20092010,27,774:40,6,9,8,72,61,43,2,5,45:24,674:08,8,12.5,2,1,0,0,30,-8,15,1066,12:41,11:03,00:54,00:44
,8474141,20092010,22,1574:06,58,30,20,261,82,17,9,29,265:32,1297:58,20,11.49,6,0,0,1,17,16,88,1908,19:11,15:49,00:07,03:14
,8460661,20102011,36,44:20,0,0,2,3,3,2,0,0,00:00,43:18,2,0.0,0,0,0,0,1,-2,0,59,14:46,14:26,00:20,00:00
,8462118,20102011,34,395:05,8,2,29,50,25,5,0,4,74:28,318:26,29,4.0,1,0,0,0,4,-7,10,482,15:48,12:44,00:05,02:58
,8465009,20102011,34,2060:13,30,14,88,264,81,153,8,15,254:25,1577:56,88,5.3,2,0,1,2,111,33,44,2371,25:26,19:28,02:48,03:08
,8465200,20102011,33,1813:06,43,4,18,130,82,37,0,25,333:06,1456:07,18,3.08,1,0,0,0,140,4,47,2237,22:06,17:45,00:17,04:03
,8466333,20102011,32,1258:33,12,3,60,78,70,74,0,1,24:43,1105:16,60,3.85,0,0,0,1,82,22,15,1613,17:58,15:47,01:50,00:21
,8467545,20102011,31,1144:23,23,18,26,165,79,70,8,14,165:33,976:19,26,10.91,6,0,0,0,19,-1,41,1388,14:29,12:21,00:01,02:05
,8467967,20102011,31,1248:39,14,14,33,113,81,81,0,0,16:28,1028:20,33,12.39,2,0,1,3,54,-13,28,1619,15:24,12:41,02:31,00:12
,8469619,20102011,30,1907:07,25,7,41,166,81,161,1,11,177:35,1547:49,41,4.22,2,0,0,0,174,3,32,2274,23:32,19:06,02:14,02:11
,8470169,20102011,28,1075:04,16,13,93,98,80,119,1,2,17:35,919:10,93,13.27,1,0,1,4,52,11,29,1412,13:26,11:29,01:43,00:13
,8470187,20102011,27,1414:44,13,3,45,154,69,117,1,2,70:20,1193:10,45,1.95,1,0,0,0,115,15,16,1746,20:30,17:17,02:11,01:01
,8470230,20102011,27,486:09,7,6,28,48,43,24,0,0,00:57,430:58,28,12.5,0,0,1,1,17,3,13,612,11:18,10:01,01:15,00:01
,8470596,20102011,26,1302:55,27,26,85,188,80,74,6,8,192:22,1107:56,85,13.83,2,0,0,0,14,29,53,1559,16:17,13:50,00:01,02:24
,8470614,20102011,27,845:26,4,2,47,41,54,107,0,0,06:26,729:39,47,4.88,1,0,0,0,96,0,6,1141,15:39,13:30,02:01,00:07
,8470638,20102011,26,1431:05,35,22,26,211,80,45,3,11,217:45,1048:05,26,10.43,4,0,2,3,56,20,57,1832,17:53,13:06,02:03,02:43
,8471218,20102011,25,1316:02,26,18,46,179,81,74,0,5,107:44,1099:15,46,10.06,2,0,0,0,47,10,44,1656,16:14,13:34,01:20,01:19
,8471276,20102011,25,1414:14,49,13,28,157,75,56,1,12,202:18,1119:54,28,8.28,2,0,0,0,40,23,62,1651,18:51,14:55,01:13,02:41
,8471436,20102011,26,1351:24,12,1,25,100,73,65,0,3,128:35,1094:47,25,1.0,0,0,0,0,71,-15,13,1772,18:30,14:59,01:45,01:45
,8471514,20102011,29,1496:57,23,18,37,201,82,32,6,12,210:43,1150:54,37,8.96,3,0,2,3,44,-17,41,1911,18:15,14:02,01:39,02:34
,8471717,20102011,25,996:00,12,3,96,46,67,102,0,0,04:12,895:14,96,6.52,0,0,0,0,131,30,15,1353,14:51,13:21,01:26,00:03
,8473419,20102011,23,1076:47,20,21,51,149,77,89,2,3,41:35,914:12,51,14.09,2,0,5,6,30,25,41,1444,13:59,11:52,01:34,00:32
,8473473,20102011,23,1309:49,32,30,121,173,79,167,5,14,198:39,1109:07,121,17.34,7,0,0,0,22,28,62,1537,16:34,14:02,00:01,02:30
,8474000,20102011,23,673:50,5,5,12,57,38,41,0,3,70:59,596:18,12,8.77,1,0,0,0,56,9,10,822,17:43,15:41,00:10,01:52
,8474045,20102011,23,31:25,1,0,0,1,3,0,0,0,00:00,31:11,0,0.0,0,0,0,0,3,1,1,40,10:28,10:23,00:04,00:00
,8474657,20102011,22,12:26,0,0,0,3,1,0,0,0,00:31,11:55,0,0.0,0,0,0,0,0,-1,0,13,12:26,11:55,00:00,00:31
,8474749,20102011,23,55:02,0,0,4,2,6,4,0,0,01:05,52:23,4,0.0,0,0,0,0,2,-1,0,73,09:10,08:43,00:15,00:10
,8475150,20102011,21,291:27,4,3,6,27,23,19,0,0,01:51,238:15,6,11.11,1,0,0,0,11,3,7,366,12:40,10:21,02:13,00:04
,8475794,20102011,19,903:32,11,11,18,131,74,20,1,3,100:49,800:45,18,8.4,0,0,0,0,21,-4,22,1122,12:12,10:49,00:01,01:21
,8460504,20112012,37,294:46,3,1,20,29,28,53,0,0,08:59,271:57,20,3.45,1,0,0,0,6,-3,4,425,10:31,09:42,00:29,00:19
,8467346,20112012,32,611:37,10,7,18,75,34,17,0,4,104:46,466:40,18,9.33,2,0,1,1,10,-1,17,768,17:59,13:43,01:10,03:04
,8467466,20112012,32,383:45,5,2,8,51,38,72,0,1,32:15,351:09,8,3.92,1,0,0,0,6,-4,7,537,10:05,09:14,00:00,00:50
,8468526,20112012,30,1300:51,15,6,60,133,78,165,1,8,160:50,980:13,60,4.51,0,0,0,0,46,2,21,1877,16:40,12:34,02:02,02:03
,8470121,20112012,29,1367:09,11,4,58,76,82,241,0,0,08:10,1107:45,58,5.26,2,0,0,1,112,4,15,1826,16:40,13:30,03:03,00:05
,8470604,20112012,27,1055:05,13,21,16,184,55,16,10,13,170:48,843:35,16,11.41,2,0,0,0,17,-12,34,1312,19:11,15:20,00:44,03:06
,8470606,20112012,28,1653:51,32,22,53,214,82,293,9,16,273:04,1243:51,53,10.28,6,0,1,3,32,18,54,2034,20:10,15:10,01:40,03:19
,8470617,20112012,27,1397:36,26,18,71,171,74,115,3,14,230:19,1016:04,71,10.53,1,0,4,4,39,3,44,1830,18:53,13:43,02:02,03:06
,8470755,20112012,27,758:47,3,5,30,98,59,65,0,0,14:02,699:28,30,5.1,0,0,1,1,15,-6,8,1006,12:51,11:51,00:46,00:14
,8471386,20112012,28,101:31,0,2,14,9,9,7,1,1,04:59,96:32,14,22.22,0,0,0,0,4,1,2,147,11:16,10:43,00:00,00:33
,8471677,20112012,25,1949:09,26,12,39,176,82,107,5,17,329:58,1463:35,39,6.82,5,2,0,0,129,-7,38,2178,23:46,17:50,01:53,04:01
,8471685,20112012,25,1749:47,51,25,20,230,82,72,8,26,278:28,1287:22,20,10.87,2,0,2,4,53,12,76,2059,21:20,15:41,02:14,03:23
,8473453,20112012,25,953:03,4,3,26,103,72,117,0,0,18:22,810:04,26,2.91,1,0,0,0,25,-3,7,1311,13:14,11:15,01:43,00:15
,8473908,20112012,28,131:32,1,1,39,13,25,31,0,0,00:20,131:12,39,7.69,0,0,0,0,6,-3,2,198,05:15,05:14,00:00,00:00
,8474100,20112012,23,395:16,9,5,10,42,27,37,0,2,48:25,345:51,10,11.9,1,0,0,0,5,3,14,522,14:38,12:48,00:02,01:47
,8474166,20112012,25,750:43,6,6,8,78,51,51,3,7,90:52,653:39,8,7.69,0,0,0,0,48,-1,12,1020,14:43,12:49,00:07,01:46
,8474518,20112012,28,113:05,0,2,2,11,9,5,0,0,00:40,108:19,2,18.18,0,0,0,0,5,0,2,162,12:33,12:02,00:27,00:04
,8474563,20112012,23,1917:15,26,10,69,168,77,124,3,13,285:46,1455:39,69,5.95,3,1,0,0,70,-2,36,2195,24:53,18:54,02:17,03:42
,8474594,20112012,22,1000:52,12,8,12,86,54,74,3,6,133:41,861:56,12,9.3,2,0,0,0,47,12,20,1201,18:32,15:57,00:05,02:28
,8474681,20112012,22,488:39,4,3,2,60,39,7,1,1,27:48,459:59,2,5.0,0,0,0,0,6,-4,7,636,12:31,11:47,00:01,00:42
,8475160,20112012,21,761:59,7,5,123,88,81,179,0,0,15:08,728:46,123,5.68,2,0,0,0,9,-5,12,1079,09:24,08:59,00:13,00:11
,8475325,20112012,23,243:03,2,2,28,19,26,59,0,0,07:11,234:50,28,10.53,1,0,0,0,4,2,4,347,09:20,09:01,00:02,00:16
,8459514,20122013,39,132:26,2,0,16,10,19,26,0,0,02:35,125:59,16,0.0,0,0,0,0,4,2,2,195,06:58,06:37,00:12,00:08
,8462129,20122013,36,512:15,6,2,16,41,39,31,0,0,20:48,422:34,16,4.88,0,0,0,0,30,-2,8,789,13:08,10:50,01:45,00:32
,8465058,20122013,35,489:01,12,0,14,13,27,44,0,0,26:50,448:47,14,0.0,0,0,0,1,28,18,12,597,18:06,16:37,00:29,00:59
,8469665,20122013,32,985:00,9,3,10,52,48,24,0,1,24:40,844:48,10,5.77,0,0,0,1,79,12,12,1256,20:31,17:36,02:24,00:30
,8469992,20122013,33,331:30,0,1,21,25,26,28,0,0,00:14,315:00,21,4.0,0,0,1,1,34,-2,1,447,12:45,12:06,00:37,00:00
,8470666,20122013,28,206:54,1,2,11,23,23,37,0,0,00:52,205:45,11,8.7,1,0,0,0,6,1,3,281,08:59,08:56,00:00,00:02
,8473537,20122013,27,663:42,14,9,25,113,47,43,0,2,103:06,558:14,25,7.96,1,0,0,0,14,16,23,871,14:07,11:52,00:03,02:11
,8473564,20122013,25,563:18,7,3,8,98,45,32,0,0,09:07,445:54,8,3.06,1,0,0,0,23,5,10,813,12:31,09:54,02:24,00:12
,8474625,20122013,24,143:19,3,1,0,13,10,11,0,0,04:05,138:36,0,7.69,0,0,0,0,9,0,4,191,14:19,13:51,00:03,00:24
,8474629,20122013,23,14:47,0,0,0,0,1,3,0,0,00:28,14:19,0,0.0,0,0,0,0,0,1,0,20,14:47,14:19,00:00,00:28
,8474727,20122013,25,18:21,0,1,0,1,1,1,0,0,01:42,15:08,0,100.0,0,0,0,0,0,1,1,23,18:21,15:08,01:31,01:42
,8475181,20122013,22,836:08,12,6,10,65,48,38,2,8,127:09,708:38,10,9.23,2,1,0,0,39,15,18,1036,17:25,14:45,00:00,02:38
,8475204,20122013,22,17:55,0,0,0,2,1,1,0,0,01:42,16:12,0,0.0,0,0,0,0,1,0,0,22,17:55,16:12,00:01,01:42
,8475214,20122013,22,39:04,1,1,0,7,3,3,0,0,01:42,37:22,0,14.29,0,0,0,0,1,1,2,53,13:01,12:27,00:00,00:34
,8475323,20122013,23,665:47,9,4,24,50,47,12,0,2,13:14,534:24,24,8.0,2,0,0,0,29,3,13,1022,14:09,11:22,02:30,00:16
,8475598,20122013,24,17:05,0,0,2,1,1,1,0,0,00:00,16:21,2,0.0,0,0,0,0,2,1,0,24,17:05,16:21,00:44,00:00
,8475650,20122013,26,200:19,0,0,51,34,25,41,0,0,01:40,197:44,51,0.0,0,0,0,0,6,-1,0,295,08:00,07:54,00:02,00:04
,8476381,20122013,22,722:28,6,9,38,64,48,70,2,2,97:57,620:36,38,14.06,2,0,0,0,14,6,15,868,15:03,12:55,00:04,02:02
,8476438,20122013,21,757:13,17,10,12,98,46,41,0,3,70:30,647:08,12,10.2,2,0,1,1,12,17,27,1021,16:27,14:04,00:51,01:31
,8477243,20122013,24,26:40,0,0,0,3,2,0,0,0,01:50,24:50,0,0.0,0,0,0,0,0,-3,0,34,13:20,12:25,00:00,00:55
,8467344,20132014,34,1497:38,11,3,46,73,79,211,0,0,06:00,1269:45,46,4.11,1,1,0,0,96,6,14,2127,18:57,16:04,02:48,00:04
,8468483,20132014,32,697:20,19,11,10,103,41,15,1,7,116:27,578:56,10,10.68,0,0,0,0,10,7,30,832,17:00,14:07,00:02,02:50
,8474162,20132014,25,1446:19,19,5,58,175,76,169,1,5,183:08,1229:16,58,2.86,0,0,0,0,82,8,24,2028,19:01,16:10,00:26,02:24
,8474192,20132014,26,528:32,5,2,11,61,44,85,1,2,50:03,477:44,11,3.28,0,0,0,0,11,-4,7,720,12:00,10:51,00:01,01:08
,8474638,20132014,26,38:05,0,0,0,4,3,3,0,0,00:00,36:40,0,0.0,0,0,0,0,1,0,0,66,12:41,12:13,00:28,00:00
,8475223,20132014,23,218:24,5,0,0,8,18,2,0,1,26:19,175:18,0,0.0,0,0,0,1,1,0,5,283,12:08,09:44,00:55,01:27
,8475726,20132014,22,802:09,17,12,10,124,62,57,1,4,97:48,699:13,10,9.68,5,0,0,0,8,21,29,1100,12:56,11:16,00:04,01:34
,8476871,20132014,22,270:13,4,3,8,31,25,35,1,1,15:52,251:22,8,9.68,1,0,0,0,9,2,7,388,10:48,10:03,00:07,00:38
,8459670,20142015,40,191:36,0,0,2,10,16,15,0,0,07:23,183:29,2,0.0,0,0,0,0,15,-3,0,293,11:58,11:28,00:02,00:27
,8468535,20142015,33,1463:02,25,13,40,109,82,80,6,14,186:32,1158:05,40,11.93,1,0,0,0,50,-25,38,2010,17:50,14:07,01:26,02:16
,8471299,20142015,29,33:20,1,0,0,3,4,3,0,0,01:01,32:19,0,0.0,0,0,0,0,0,1,1,49,08:20,08:04,00:00,00:15
,8471879,20142015,29,93:04,0,0,0,5,7,3,0,0,01:43,86:50,0,0.0,0,0,0,0,11,-1,0,141,13:17,12:24,00:38,00:14
,8471956,20142015,29,741:00,5,5,57,59,69,128,0,0,03:51,661:01,57,8.47,1,0,0,0,35,-1,10,1102,10:44,09:34,01:06,00:03
,8475148,20142015,24,639:08,5,2,14,36,42,34,1,5,84:54,526:27,14,5.56,0,0,0,0,32,-7,7,811,15:13,12:32,00:39,02:01
,8475182,20142015,25,627:10,11,3,12,58,49,23,0,1,27:33,599:05,12,5.17,1,0,0,0,38,17,14,844,12:47,12:13,00:00,00:33
,8475807,20142015,23,416:48,3,0,4,42,38,73,0,0,01:37,392:53,4,0.0,0,0,0,0,17,-5,3,642,10:58,10:20,00:35,00:02
,8476394,20142015,22,12:45,1,0,0,2,1,0,0,0,00:00,12:45,0,0.0,0,0,0,0,2,0,1,19,12:45,12:45,00:00,00:00
,8476403,20142015,24,406:10,3,1,8,20,23,64,0,0,00:06,346:23,8,5.0,0,0,0,0,46,-8,4,603,17:39,15:03,02:35,00:00
,8476431,20142015,23,349:23,3,1,10,17,21,9,1,3,43:27,305:12,10,5.88,0,0,0,0,22,2,4,474,16:38,14:32,00:02,02:04
,8476479,20142015,22,19:00,0,0,0,2,2,3,0,0,02:22,16:38,0,0.0,0,0,0,0,0,0,0,29,09:30,08:19,00:00,01:11
,8476882,20142015,21,434:40,5,4,2,66,34,11,0,1,25:42,408:08,2,6.06,1,0,0,0,14,4,9,607,12:47,12:00,00:01,00:45
,8477451,20142015,21,41:26,0,0,2,8,5,11,0,0,00:11,41:15,2,0.0,0,0,0,0,2,-1,0,65,08:17,08:15,00:00,00:02
,8477845,20142015,24,243:39,1,0,2,21,18,4,0,0,02:56,237:41,2,0.0,0,0,0,0,15,0,1,319,13:32,13:12,00:10,00:09
,8478393,20142015,23,37:37,0,0,0,4,3,12,0,0,00:00,37:37,0,0.0,0,0,0,0,0,-1,0,52,12:32,12:32,00:00,00:00
,8470110,20152016,33,1512:11,22,6,34,130,82,42,1,9,152:05,1305:44,34,4.62,0,0,0,0,79,9,28,2010,18:26,15:55,00:39,01:51
,8470611,20152016,31,718:04,6,8,19,74,55,60,0,1,20:16,561:37,19,10.81,2,0,4,4,45,0,14,1131,13:03,10:12,02:28,00:22
,8471331,20152016,30,464:05,3,0,0,34,41,96,0,0,02:05,385:53,0,0.0,0,0,0,0,25,-2,3,666,11:19,09:24,01:51,00:03
,8471887,20152016,29,1381:36,29,22,36,257,82,160,9,15,248:46,1130:29,36,8.56,3,0,0,0,54,15,51,1871,16:50,13:47,00:01,03:02
,8473542,20152016,29,23:11,1,0,19,1,4,13,0,0,00:00,23:11,19,0.0,0,0,0,0,1,1,1,34,05:47,05:47,00:00,00:00
,8473548,20152016,29,1507:16,33,26,18,274,82,9,4,17,288:08,1216:55,18,9.49,5,1,0,0,13,9,59,1886,18:22,14:50,00:01,03:30
,8474009,20152016,28,997:51,20,9,31,97,63,22,2,2,100:25,750:42,31,9.28,0,0,1,1,67,13,29,1424,15:50,11:54,02:19,01:35
,8474013,20152016,27,1206:44,12,0,59,72,70,122,0,1,25:43,1019:03,59,0.0,0,0,0,0,122,-3,12,1639,17:14,14:33,02:18,00:22
,8474102,20152016,28,1080:06,24,12,62,147,71,142,4,12,146:57,931:07,62,8.16,1,0,0,0,23,-1,36,1527,15:12,13:06,00:01,02:04
,8474176,20152016,28,1256:33,25,14,32,178,80,84,0,0,18:50,1106:06,32,7.87,6,0,0,2,33,8,39,1803,15:42,13:49,01:38,00:14
,8474602,20152016,26,1162:01,14,4,16,82,63,36,2,8,136:53,973:43,16,4.88,0,0,0,0,72,-15,18,1527,18:26,15:27,00:48,02:10
,8474660,20152016,26,376:43,1,1,2,40,22,5,1,2,47:33,328:00,2,2.5,0,0,0,0,23,-9,2,510,17:07,14:54,00:03,02:09
,8475208,20152016,25,1491:58,16,0,14,101,79,77,0,0,36:00,1353:20,14,0.0,0,0,0,0,68,11,16,2124,18:53,17:07,01:17,00:27
,8475761,20152016,25,392:33,6,6,10,52,33,65,1,3,46:29,343:10,10,11.54,0,0,0,0,6,-1,12,574,11:53,10:23,00:05,01:24
,8475810,20152016,24,512:24,7,4,12,68,41,62,0,1,12:19,489:18,12,5.88,1,0,0,0,23,1,11,765,12:29,11:56,00:15,00:18
,8475832,20152016,24,512:24,10,5,24,52,42,57,0,0,01:20,469:48,24,9.62,1,0,2,2,32,3,15,812,12:12,11:11,00:58,00:01
,8476147,20152016,29,10:41,0,0,2,1,1,4,0,0,00:00,10:41,2,0.0,0,0,0,0,0,0,0,17,10:41,10:41,00:00,00:00
,8476293,20152016,24,256:27,1,5,12,39,24,38,0,0,19:18,236:11,12,12.82,1,0,0,0,6,0,6,352,10:41,09:50,00:02,00:48
,8476326,20152016,24,05:02,0,0,0,0,1,1,0,0,00:00,05:02,0,0.0,0,0,0,0,1,0,0,8,05:02,05:02,00:00,00:00
,8476769,20152016,27,493:36,2,8,97,50,53,93,0,0,03:00,487:00,97,16.0,0,0,0,0,19,-2,10,704,09:18,09:11,00:04,00:03
,8476874,20152016,22,1337:20,13,6,22,95,67,81,0,1,46:07,1170:53,22,6.32,2,0,0,1,87,27,19,1831,19:57,17:28,01:47,00:41
,8476884,20152016,22,339:58,7,0,2,25,22,16,0,0,20:48,315:54,2,0.0,0,0,0,0,18,4,7,466,15:27,14:21,00:08,00:56
,8476897,20152016,22,185:36,3,1,4,13,18,18,0,0,00:48,177:26,4,7.69,1,0,1,1,5,0,4,258,10:18,09:51,00:24,00:02
,8477839,20152016,24,429:08,3,7,8,51,44,15,0,0,33:24,395:20,8,13.73,0,0,0,0,5,-1,10,603,09:45,08:59,00:00,00:45
,8478466,20152016,19,157:03,0,2,0,23,18,14,0,0,07:22,148:37,0,8.7,0,0,0,0,3,-1,2,221,08:43,08:15,00:03,00:24
,8478866,20152016,22,18:13,1,0,0,2,3,1,0,0,00:00,18:13,0,0.0,0,0,0,0,1,0,1,28,06:04,06:04,00:00,00:00
,8478928,20152016,26,444:32,3,0,24,41,45,107,0,0,05:13,434:46,24,0.0,0,0,0,0,10,-3,3,646,09:52,09:39,00:06,00:06
,8468309,20162017,40,1274:52,21,6,28,114,68,38,1,13,155:40,1081:21,28,5.26,2,0,0,0,92,-12,27,1691,18:44,15:54,00:33,02:17
,8468493,20162017,36,1586:09,13,4,21,71,72,93,0,0,13:28,1355:29,21,5.63,1,1,1,3,120,-8,17,1925,22:01,18:49,03:01,00:11
,8474611,20162017,27,150:13,3,1,13,8,12,23,0,0,00:00,137:50,13,12.5,0,0,0,0,10,1,4,215,12:31,11:29,01:01,00:00
,8476162,20162017,31,150:40,1,0,24,11,11,20,0,0,00:03,138:01,24,0.0,0,0,0,0,19,2,1,215,13:41,12:32,01:08,00:00
,8476302,20162017,24,43:05,0,0,8,3,4,4,0,0,00:17,40:40,8,0.0,0,0,0,0,2,-1,0,67,10:46,10:10,00:32,00:04
,8477240,20162017,28,296:13,4,3,4,24,27,64,0,0,00:04,267:46,4,12.5,1,0,0,0,15,2,7,441,10:58,09:55,01:03,00:00
,8477244,20162017,27,589:26,8,2,8,45,34,36,0,3,32:07,518:51,8,4.44,0,0,0,0,26,9,10,806,17:20,15:15,01:07,00:56
,8477404,20162017,23,635:26,17,16,10,81,40,61,1,3,54:53,580:18,10,19.75,0,0,0,0,18,7,33,820,15:53,14:30,00:00,01:22
,8477520,20162017,23,11:18,0,0,2,1,1,3,0,0,00:00,11:18,2,0.0,0,0,0,0,0,0,0,21,11:18,11:18,00:00,00:00
,8471214,20172018,33,1651:50,38,49,32,355,82,139,17,31,344:51,1304:31,32,13.8,7,3,0,0,21,3,87,1730,20:08,15:54,00:01,04:12
,8471698,20172018,32,1362:27,29,18,31,127,74,124,9,18,249:05,1055:15,31,14.17,3,0,0,0,54,2,47,1541,18:24,14:15,00:47,03:21
,8471702,20172018,32,1537:17,22,7,36,120,68,117,0,0,34:48,1317:30,36,5.83,1,0,0,1,98,24,29,1690,22:36,19:22,02:43,00:30
,8471710,20172018,31,328:27,3,1,8,14,25,21,0,0,00:00,285:06,8,7.14,0,0,0,1,31,10,4,442,13:08,11:24,01:44,00:00
,8473563,20172018,31,1592:30,50,21,46,165,81,37,7,26,284:50,1233:34,46,12.73,4,1,0,0,51,5,71,1811,19:39,15:13,00:54,03:30
,8474061,20172018,29,09:17,0,0,4,0,2,4,0,0,00:00,09:17,4,0.0,0,0,0,0,0,0,0,16,04:38,04:38,00:00,00:00
,8474189,20172018,29,1239:21,20,18,38,161,81,71,3,6,95:22,997:31,38,11.18,2,0,0,0,69,-6,38,1539,15:18,12:18,01:48,01:10
,8474291,20172018,33,983:15,15,7,16,65,79,69,0,0,01:58,781:53,16,10.77,2,0,1,1,44,3,22,1421,12:26,09:53,02:31,00:01
,8474590,20172018,28,2032:06,53,15,32,237,82,47,4,32,303:43,1512:54,32,6.33,4,1,0,0,146,0,68,2164,24:46,18:27,02:37,03:42
,8474604,20172018,28,101:49,1,0,8,2,8,1,0,0,00:00,95:00,8,0.0,0,0,0,0,8,2,1,155,12:43,11:52,00:51,00:00
,8475163,20172018,28,717:42,9,9,26,59,61,57,1,1,37:34,578:36,26,15.25,2,0,1,3,29,1,18,959,11:45,09:29,01:39,00:36
,8475200,20172018,27,1896:34,21,10,22,125,82,128,0,4,95:10,1639:04,22,8.0,2,0,0,0,116,10,31,2093,23:07,19:59,01:58,01:09
,8475744,20172018,26,1486:08,56,27,48,187,79,50,7,30,272:34,1208:59,48,14.44,8,2,1,1,26,3,83,1600,18:48,15:18,00:03,03:27
,8475758,20172018,26,926:10,9,7,38,103,75,151,0,0,02:11,851:07,38,6.8,1,0,0,0,62,-6,16,1157,12:20,11:20,00:58,00:01
,8475792,20172018,26,840:12,12,15,30,67,70,72,4,5,100:42,738:28,30,22.39,2,0,0,0,24,-6,27,1053,12:00,10:32,00:00,01:26
,8476329,20172018,25,70:36,1,0,2,2,8,2,0,0,00:05,70:31,2,0.0,0,0,0,0,1,2,1,100,08:49,08:48,00:00,00:00
,8476344,20172018,25,33:42,0,0,2,1,5,5,0,0,00:09,32:59,2,0.0,0,0,0,0,1,-3,0,53,06:44,06:35,00:06,00:01
,8476880,20172018,24,1247:08,21,14,187,123,78,250,0,1,05:24,1107:01,187,11.38,1,0,1,1,51,10,35,1567,15:59,14:11,01:43,00:04
,8476905,20172018,24,795:13,12,6,8,36,67,26,0,0,09:41,698:12,8,16.67,0,0,0,0,33,13,18,1081,11:52,10:25,01:18,00:08
,8477043,20172018,24,884:10,11,3,10,60,63,22,0,0,15:06,864:53,10,5.0,0,0,0,0,55,13,14,1162,14:02,13:43,00:03,00:14
,8477070,20172018,24,20:45,0,0,5,1,3,4,0,0,00:00,20:45,5,0.0,0,0,0,0,0,0,0,30,06:55,06:55,00:00,00:00
,8477444,20172018,23,774:57,13,12,27,84,56,40,2,4,67:01,707:56,27,14.29,5,1,0,0,26,3,25,931,13:50,12:38,00:00,01:11
,8477474,20172018,23,699:23,12,0,24,47,51,48,0,0,00:56,683:51,24,0.0,0,0,0,0,42,-3,12,862,13:42,13:24,00:17,00:01
,8477573,20172018,24,85:01,0,1,6,6,9,18,0,0,01:14,80:55,6,16.67,0,0,0,0,1,0,1,120,09:26,08:59,00:19,00:08
,8477944,20172018,22,912:24,14,13,12,133,73,31,1,3,48:54,863:14,12,9.77,2,0,0,0,16,2,27,1140,12:29,11:49,00:00,00:40
,8478063,20172018,22,27:03,1,0,0,4,3,0,0,0,00:00,27:03,0,0.0,0,0,0,0,2,-1,1,37,09:01,09:01,00:00,00:00
,8479482,20172018,28,843:23,7,3,26,82,53,57,0,0,04:15,802:35,26,3.66,0,0,0,0,82,14,10,1076,15:54,15:08,00:41,00:04
,8480143,20172018,27,587:33,6,2,6,33,36,42,0,0,02:59,575:36,6,6.06,0,0,0,0,48,-2,8,774,16:19,15:59,00:14,00:04
,8469501,20182019,36,01:52,0,0,0,0,1,1,0,0,00:00,01:52,0,0.0,0,0,0,0,0,0,0,3,01:52,01:52,00:00,00:00
,8470151,20182019,36,1616:59,14,3,40,82,78,61,0,0,04:27,1441:29,40,3.66,1,0,0,0,127,-3,17,2077,20:43,18:28,02:11,00:03
,8470257,20182019,35,1029:41,17,10,14,114,65,55,2,5,83:17,819:38,14,8.77,0,0,1,2,50,2,27,1429,15:50,12:36,01:57,01:16
,8471761,20182019,33,182:30,1,1,0,10,13,17,0,0,00:10,170:08,0,10.0,0,0,0,0,17,3,2,265,14:02,13:05,00:56,00:00
,8474034,20182019,31,1048:33,18,10,64,118,74,135,2,11,144:22,904:11,64,8.47,3,0,0,0,7,-3,28,1287,14:10,12:13,00:00,01:57
,8474125,20182019,33,398:17,4,3,6,21,25,11,0,0,00:30,355:26,6,14.29,1,0,0,1,35,8,7,568,15:55,14:13,01:41,00:01
,8474145,20182019,30,912:55,8,2,47,75,59,95,0,0,02:13,772:04,47,2.67,0,0,0,1,72,9,10,1323,15:28,13:05,02:20,00:02
,8474565,20182019,29,1709:28,28,13,22,168,71,62,3,15,195:30,1367:50,22,7.74,2,0,0,1,139,2,41,2061,24:04,19:15,02:03,02:45
,8474584,20182019,29,715:12,9,1,8,45,42,129,0,0,03:46,639:49,8,2.22,0,0,0,0,53,-2,10,925,17:01,15:14,01:42,00:05
,8475098,20182019,33,1177:07,25,13,20,141,72,52,2,8,172:26,913:18,20,9.22,3,0,0,0,33,-3,38,1534,16:20,12:41,01:16,02:23
,8475158,20182019,28,1702:13,49,28,12,234,82,31,6,22,234:08,1304:28,12,11.97,5,2,1,3,36,22,77,2103,20:45,15:54,01:59,02:51
,8475170,20182019,28,1338:28,37,17,40,159,72,111,4,12,172:29,1122:40,40,10.69,5,1,0,0,31,3,54,1642,18:35,15:35,00:36,02:23
,8475765,20182019,28,1398:22,35,33,22,275,76,88,12,22,221:30,1172:10,22,12.0,5,1,0,0,40,8,68,1768,18:23,15:25,00:03,02:54
,8475768,20182019,27,1250:50,25,11,16,183,69,61,2,5,156:03,1055:02,16,6.01,1,0,0,0,27,-6,36,1576,18:07,15:17,00:34,02:15
,8476441,20182019,26,1240:46,9,2,68,102,64,128,0,0,08:10,1099:42,68,1.96,1,0,0,0,106,8,11,1691,19:23,17:10,02:04,00:07
,8476877,20182019,26,229:43,2,0,2,11,20,10,0,0,01:18,220:25,2,0.0,0,0,0,0,22,-7,2,339,11:29,11:01,00:24,00:03
,8476892,20182019,26,1822:41,18,10,15,176,80,127,4,8,104:29,1605:16,15,5.68,3,1,0,1,157,20,28,2329,22:47,20:03,01:24,01:18
,8476907,20182019,25,232:56,2,3,10,33,29,49,0,0,00:06,232:34,10,9.09,1,0,0,0,4,0,5,336,08:01,08:01,00:00,00:00
,8477482,20182019,25,754:44,12,8,21,77,60,48,0,1,10:12,711:50,21,10.39,2,0,0,0,37,8,20,1037,12:34,11:51,00:32,00:10
,8477952,20182019,23,404:55,4,2,6,43,32,30,0,0,28:41,375:33,6,4.65,1,0,0,0,8,-4,6,521,12:39,11:44,00:01,00:53
,8477964,20182019,24,921:08,12,14,17,60,80,86,0,0,04:01,790:46,17,23.33,1,0,2,2,31,-4,26,1336,11:30,09:53,01:34,00:03
,8478104,20182019,23,315:18,2,2,6,27,32,93,0,0,06:14,309:04,6,7.41,0,0,0,0,12,-1,4,429,09:51,09:39,00:00,00:11
,8478373,20182019,26,35:50,0,0,0,1,5,5,0,0,00:08,35:42,0,0.0,0,0,0,0,2,-1,0,57,07:10,07:08,00:00,00:01
,8478407,20182019,23,1367:32,23,12,45,150,78,48,3,8,164:59,1194:12,45,8.0,4,1,0,0,68,14,35,1820,17:31,15:18,00:06,02:06
,8479385,20182019,21,154:33,2,1,4,16,16,2,0,0,04:44,149:49,4,6.25,0,0,0,0,3,-1,3,213,09:39,09:21,00:00,00:17
,8480023,20182019,20,915:05,24,9,14,80,70,13,3,7,88:51,816:15,14,11.25,0,0,0,0,22,-2,33,1181,13:04,11:39,00:08,01:16
,8470601,20192020,35,562:10,3,1,16,44,40,59,0,0,02:26,526:04,16,2.3,0,0,0,0,28,5,4,757,14:03,13:09,00:50,00:03
,8473986,20192020,31,1218:55,23,26,20,130,68,59,8,13,177:09,891:58,20,20.0,7,0,0,0,15,19,49,1541,17:55,13:07,02:12,02:36
,8474031,20192020,31,1322:59,26,8,38,131,70,62,1,7,95:35,1205:10,38,6.1,0,0,0,0,66,22,34,1565,18:53,17:13,00:19,01:21
,8474151,20192020,31,1035:16,11,1,19,50,50,36,0,0,05:31,866:11,19,2.0,0,0,0,1,101,7,12,1193,20:42,17:19,03:16,00:06
,8474564,20192020,30,1049:57,37,29,22,176,57,69,10,19,187:17,833:21,22,16.5,6,0,0,0,38,14,66,1268,18:25,14:37,00:30,03:17
,8474567,20192020,30,449:01,6,1,22,29,27,30,0,0,02:01,389:27,22,3.4,0,0,0,1,27,0,7,533,16:37,14:25,02:07,00:04
,8474568,20192020,31,311:17,2,1,23,31,25,83,0,0,00:52,269:59,23,3.2,0,0,0,0,21,-8,3,447,12:27,10:47,01:37,00:02
,8474722,20192020,30,105:38,2,1,13,10,12,38,0,0,00:34,103:57,13,10.0,0,0,0,0,3,-4,3,159,08:48,08:39,00:05,00:02
,8474870,20192020,30,945:19,17,14,16,113,65,62,1,7,129:08,811:27,16,12.4,2,1,0,0,22,9,31,1245,14:32,12:29,00:04,01:59
,8475167,20192020,30,1587:55,44,11,31,155,66,73,4,22,204:04,1228:07,31,7.1,3,0,0,0,98,27,55,1682,24:03,18:36,02:21,03:05
,8476195,20192020,31,44:21,1,0,4,5,4,3,0,0,02:38,41:43,4,0.0,0,0,0,0,1,-2,1,66,11:05,10:25,00:00,00:39
,8476292,20192020,29,1117:06,24,17,22,128,69,145,4,8,91:32,967:55,22,13.3,2,0,1,1,61,25,41,1503,16:11,14:01,00:50,01:19
,8476399,20192020,29,1103:23,11,21,56,200,66,191,1,3,29:06,898:19,56,10.5,2,0,3,4,46,0,32,1364,16:43,13:36,02:39,00:26
,8476453,20192020,27,1282:42,52,33,38,210,68,37,4,25,241:55,1040:25,38,15.7,6,3,0,0,19,26,85,1466,18:51,15:18,00:00,03:33
,8476624,20192020,27,1114:33,18,8,97,102,70,162,0,2,46:30,897:52,97,7.8,2,0,0,1,66,-8,26,1567,15:55,12:49,02:25,00:39
,8476826,20192020,29,984:35,20,10,49,110,70,78,1,6,49:27,832:31,49,9.1,5,1,2,3,20,-5,30,1322,14:03,11:53,01:27,00:42
,8476966,20192020,26,27:31,0,1,4,1,3,1,0,0,00:10,25:29,4,100.0,0,0,0,0,2,0,1,37,09:10,08:29,00:37,00:03
,8476975,20192020,27,796:17,11,7,42,78,61,175,0,0,04:07,678:17,42,9.0,0,0,1,2,49,-1,18,1099,13:03,11:07,01:52,00:04
,8477409,20192020,25,486:48,4,9,8,57,52,29,1,1,12:43,472:46,8,15.8,1,0,0,0,8,-9,13,692,09:21,09:05,00:01,00:14
,8478010,20192020,24,1247:31,39,25,11,141,66,24,8,13,216:19,1027:30,11,17.7,4,0,0,0,30,28,64,1483,18:54,15:34,00:03,03:16
,8478416,20192020,23,1269:40,7,5,59,125,67,172,0,0,08:46,1063:32,59,4.0,1,0,0,0,97,11,12,1554,18:57,15:52,02:56,00:07
,8478472,20192020,23,426:18,3,4,16,35,37,47,0,0,03:06,394:34,16,11.4,0,0,0,1,10,-2,7,602,11:31,10:39,00:46,00:05
,8478477,20192020,23,409:50,3,3,10,43,38,36,0,0,02:26,366:54,10,7.0,0,0,0,0,9,-9,6,637,10:47,09:39,01:03,00:03
,8478519,20192020,23,1254:47,28,16,30,113,68,89,1,5,64:54,998:27,30,14.2,3,1,1,2,47,28,44,1598,18:27,14:40,02:48,00:57
,8479410,20192020,22,1425:43,24,10,58,118,70,106,5,13,131:15,1213:10,58,8.5,0,0,1,1,99,15,34,1648,20:22,17:19,01:09,01:52
,8480172,20192020,30,512:53,6,1,14,43,33,19,0,0,01:22,457:34,14,2.3,0,0,0,0,21,6,7,653,15:32,13:51,01:38,00:02
,8480186,20192020,23,92:21,1,0,6,7,9,10,0,0,00:00,92:21,6,0.0,0,0,0,0,2,-6,1,131,10:15,10:15,00:00,00:00
,8475233,20202021,31,1071:41,5,1,24,69,54,132,0,0,07:05,962:07,24,1.4,1,0,0,1,109,-27,6,1321,19:50,17:49,01:53,00:07
,8476368,20202021,29,74:19,0,0,12,4,6,10,0,0,00:00,70:20,12,0.0,0,0,0,0,7,0,0,109,12:23,11:43,00:39,00:00
,8478049,20202021,25,71:11,0,0,0,3,5,4,0,0,01:07,68:44,0,0.0,0,0,0,0,4,1,0,88,14:14,13:44,00:16,00:13
,8478069,20202021,27,10:03,0,0,5,1,1,7,0,0,00:11,09:52,5,0.0,0,0,0,0,0,-1,0,15,10:03,09:52,00:00,00:11
,8479525,20202021,25,316:56,3,9,16,46,30,36,0,0,20:27,296:29,16,19.6,4,0,0,0,6,3,12,441,10:33,09:52,00:00,00:40
,8479718,20202021,24,228:47,0,3,0,26,15,8,2,2,40:46,187:59,0,11.5,0,0,0,0,5,0,3,285,15:15,12:31,00:00,02:43
,8479984,20202021,23,451:07,2,1,29,40,35,39,0,0,00:59,433:42,29,2.5,0,0,0,0,29,9,3,595,12:53,12:23,00:28,00:01
,8480158,20202021,26,83:43,2,0,4,7,7,10,0,0,00:08,82:42,4,0.0,0,0,0,0,3,-2,2,111,11:57,11:48,00:07,00:01
,8471699,20212022,35,937:34,12,4,20,75,74,104,0,0,05:46,801:03,20,5.3,0,0,1,2,31,-18,16,1536,12:40,10:49,01:46,00:04
,8473446,20212022,34,1330:23,17,8,24,139,77,165,0,1,17:53,1112:33,24,5.8,1,0,1,2,136,22,25,1833,17:16,14:26,02:35,00:13
,8475172,20212022,32,1365:58,59,28,71,247,71,52,8,29,275:08,1057:09,71,11.3,6,0,0,0,19,13,87,1601,19:14,14:53,00:28,03:52
,8476312,20212022,31,1271:30,10,6,65,92,67,179,0,0,02:10,1128:36,65,6.5,0,0,0,0,70,-11,16,1617,18:58,16:50,02:06,00:01
,8476455,20212022,30,1036:12,29,30,78,150,51,94,7,15,202:48,829:50,78,20.0,5,1,0,0,34,27,59,1201,20:19,16:16,00:04,03:58
,8476850,20212022,29,521:14,4,0,2,26,37,32,0,0,01:03,480:18,2,0.0,0,0,0,1,41,-3,4,721,14:05,12:58,01:04,00:01
,8476870,20212022,28,03:39,0,0,0,0,1,0,0,0,00:00,03:39,0,0.0,0,0,0,0,0,0,0,5,03:39,03:39,00:00,00:00
,8477073,20212022,28,429:09,3,2,89,46,58,105,0,0,00:00,424:02,89,4.3,0,0,0,0,22,1,5,667,07:23,07:18,00:05,00:00
,8477126,20212022,32,206:06,3,0,4,19,20,27,0,0,01:34,193:40,4,0.0,0,0,0,0,9,-2,3,292,10:18,09:41,00:32,00:04
,8477456,20212022,27,1142:33,15,18,25,102,70,31,4,6,125:54,899:54,25,17.6,0,0,1,1,55,6,33,1478,16:19,12:51,01:40,01:47
,8477476,20212022,27,1117:09,19,19,22,155,74,82,2,3,75:32,901:54,22,12.3,2,0,2,2,39,1,38,1561,15:05,12:11,01:53,01:01
,8477492,20212022,27,1368:58,56,32,42,299,65,68,7,27,238:31,1126:58,42,10.7,5,1,0,0,39,22,88,1579,21:03,17:20,00:03,03:40
,8477501,20212022,27,1179:37,27,25,14,180,62,89,5,9,144:29,926:43,14,13.9,5,0,2,2,27,21,52,1494,19:01,14:56,01:44,02:19
,8477979,20212022,26,726:24,12,11,47,87,74,140,0,0,02:12,721:39,47,12.6,2,0,0,0,18,11,23,1031,09:48,09:45,00:02,00:01
,8478038,20212022,28,1674:22,44,13,20,158,66,54,2,12,113:06,1377:32,20,8.2,3,1,0,0,85,52,57,1920,25:22,20:52,02:47,01:42
,8478106,20212022,27,49:47,1,0,0,3,5,0,0,0,01:42,48:05,0,0.0,0,0,0,0,3,0,1,71,09:57,09:37,00:00,00:20
,8478420,20212022,26,1573:52,56,36,56,254,75,58,16,35,293:58,1277:51,56,14.2,2,0,0,0,43,35,92,1807,20:59,17:02,00:01,03:55
,8479370,20212022,24,1025:36,12,8,34,97,80,55,0,0,38:17,852:45,34,8.2,2,0,0,1,37,2,20,1377,12:49,10:39,01:40,00:28
,8479398,20212022,24,1450:14,23,5,20,79,67,65,0,7,122:52,1284:35,20,6.3,1,0,0,0,90,-4,28,1809,21:38,19:10,00:38,01:50
,8479439,20212022,29,80:44,0,0,2,17,8,9,0,0,03:22,74:52,2,0.0,0,0,0,0,3,-1,0,113,10:05,09:21,00:18,00:25
,8479573,20212022,24,145:17,0,0,2,23,18,31,0,0,07:34,137:30,2,0.0,0,0,0,0,2,-5,0,204,08:04,07:38,00:00,00:25
,8480069,20212022,24,1976:26,58,28,26,240,77,95,9,34,295:36,1572:11,26,11.7,6,3,0,0,110,48,86,2141,25:40,20:25,01:24,03:50
,8480748,20212022,27,94:14,1,1,0,9,11,12,0,0,06:19,87:55,0,11.1,1,0,0,0,4,3,2,129,08:34,07:59,00:00,00:34
,8480822,20212022,23,52:51,0,0,0,1,6,6,0,0,10:13,42:25,0,0.0,0,0,0,0,3,2,0,82,08:48,07:04,00:02,01:42
,8480846,20212022,22,108:56,0,0,2,9,10,9,0,0,14:41,91:38,2,0.0,0,0,0,0,6,-4,0,159,10:53,09:09,00:15,01:28
,8480913,20212022,27,08:19,0,0,4,0,1,1,0,0,00:00,08:19,4,0.0,0,0,0,0,0,0,0,12,08:19,08:19,00:00,00:00
,8481186,20212022,26,1123:35,16,8,38,127,81,100,0,0,02:17,950:46,38,6.3,1,0,1,4,59,10,24,1539,13:52,11:44,02:06,00:01
,8481477,20212022,27,880:55,11,9,14,101,74,99,1,1,04:05,760:45,14,8.9,0,0,1,1,29,-7,20,1273,11:54,10:16,01:34,00:03
,8481524,20212022,21,564:14,12,5,12,49,30,53,1,1,29:03,526:18,12,10.2,2,0,0,0,26,7,17,708,18:48,17:32,00:17,00:58
,8481618,20212022,21,963:04,20,13,12,113,71,40,3,6,97:41,859:20,12,11.5,5,0,0,0,36,11,33,1262,13:33,12:06,00:05,01:22
,8482111,20212022,21,120:15,1,1,0,13,7,5,0,0,06:15,107:50,0,7.7,0,0,0,0,5,-3,2,159,17:10,15:24,00:52,00:53
,8483570,20212022,24,49:44,0,1,0,8,5,1,0,0,01:03,48:41,0,12.5,0,0,0,0,1,-2,1,71,09:56,09:44,00:00,00:12
,8475188,20222023,32,1627:11,16,1,51,89,82,201,0,0,03:25,1459:09,51,1.1,0,0,0,2,198,17,17,2011,19:50,17:47,02:00,00:02
,8475191,20222023,32,1323:38,30,26,16,180,78,69,6,10,157:31,1064:43,16,14.4,4,1,4,4,32,11,56,1647,16:58,13:39,01:18,02:01
,8475278,20222023,32,89:39,1,1,4,15,9,11,0,0,00:00,86:01,4,6.7,0,0,0,0,5,0,2,129,09:57,09:33,00:24,00:00
,8475913,20222023,31,833:12,21,17,10,113,43,31,3,9,116:58,664:39,10,15.0,1,0,2,2,23,11,38,953,19:22,15:27,01:11,02:43
,8476448,20222023,30,1432:27,39,14,10,161,82,50,2,9,138:29,1168:45,10,8.7,2,0,2,5,50,14,53,1739,17:28,14:15,01:31,01:41
,8476539,20222023,33,1302:40,29,28,21,234,76,76,9,16,175:08,1127:27,21,12.0,4,1,0,0,17,2,57,1494,17:08,14:50,00:00,02:18
,8476927,20222023,29,813:19,12,4,30,85,63,71,0,0,03:57,677:48,30,4.7,1,0,0,1,47,-9,16,1147,12:54,10:45,02:05,00:03
,8477018,20222023,30,495:49,5,3,6,52,31,18,0,1,24:45,465:54,6,5.8,0,0,0,0,34,1,8,636,15:59,15:01,00:10,00:47
,8477447,20222023,28,1178:49,33,8,18,136,55,16,2,9,127:25,1050:06,18,5.9,2,1,0,0,86,16,41,1363,21:25,19:05,00:01,02:19
,8477478,20222023,29,704:46,9,16,30,118,56,133,0,0,26:46,668:33,30,13.6,7,0,0,0,22,15,25,1028,12:35,11:56,00:10,00:28
,8478020,20222023,27,818:14,11,16,12,99,67,56,1,2,38:27,779:47,12,16.2,2,0,0,0,27,2,27,1022,12:12,11:38,00:00,00:34
,8478403,20222023,27,1257:23,39,27,6,223,67,59,2,14,177:57,1053:21,6,12.1,2,1,0,1,56,26,66,1404,18:46,15:43,00:23,02:39
,8478434,20222023,26,849:04,10,8,68,63,74,279,0,0,01:45,841:04,68,12.7,0,0,0,0,31,6,18,1244,11:28,11:21,00:05,00:01
,8478462,20222023,26,1059:24,16,14,24,101,65,83,3,6,116:24,863:17,24,13.9,5,1,0,1,41,10,30,1406,16:17,13:16,01:13,01:47
,8479353,20222023,25,705:11,7,6,55,53,54,107,0,0,00:57,663:18,55,11.3,0,0,0,0,34,5,13,949,13:03,12:17,00:45,00:01
,8479980,20222023,25,1465:22,14,3,51,103,81,117,0,0,05:07,1401:39,51,2.9,1,1,0,0,133,7,17,1827,18:05,17:18,00:43,00:03
,8479991,20222023,24,319:30,0,0,8,31,35,55,0,0,00:30,313:50,8,0.0,0,0,0,0,11,-10,0,452,09:07,08:58,00:08,00:00
,8480007,20222023,24,132:13,1,0,4,15,13,2,0,0,00:06,124:12,4,0.0,0,0,0,0,7,-5,1,197,10:10,09:33,00:36,00:00
,8480727,20222023,27,1009:35,7,5,41,64,59,90,0,0,00:54,927:39,41,7.8,1,0,0,0,97,10,12,1269,17:06,15:43,01:22,00:00
,8480776,20222023,28,07:44,0,0,0,0,1,0,0,0,00:00,07:44,0,0.0,0,0,0,0,0,-2,0,12,07:44,07:44,00:00,00:00
,8481032,20222023,24,705:29,5,13,15,76,55,168,0,0,18:43,686:35,15,17.1,1,0,0,0,17,-5,18,864,12:49,12:29,00:00,00:20
,8481167,20222023,24,166:12,2,0,8,18,10,27,0,0,00:18,154:59,8,0.0,0,0,0,0,12,2,2,230,16:37,15:29,01:05,00:01
,8481527,20222023,22,175:41,2,0,0,16,10,25,0,0,00:17,170:59,0,0.0,0,0,0,0,8,-3,2,227,17:34,17:05,00:26,00:01
,8481604,20222023,23,256:09,2,7,6,40,18,3,2,3,30:27,225:40,6,17.5,3,0,0,0,9,5,9,325,14:13,12:32,00:00,01:41
,8482624,20222023,26,238:29,4,2,2,22,14,7,1,3,17:53,219:30,2,9.1,0,0,0,0,13,-6,6,307,17:02,15:40,00:04,01:16
